Date,Ticker,MarketPrice
2026-03-30,AAPL,246.63
2026-03-30,BAC,47.23
2026-03-30,GOOGL,273.5
2026-03-30,GS,807.6
2026-03-30,JPM,283.77
2026-03-30,MS,158.37
2026-03-30,MSFT,358.96
2026-03-30,UBS,36.67
2026-03-31,AAPL,253.79
2026-03-31,BAC,48.75
2026-03-31,GOOGL,287.56
2026-03-31,GS,845.99
2026-03-31,JPM,294.16
2026-03-31,MS,164.57
2026-03-31,MSFT,370.17
2026-03-31,UBS,39.07
2026-04-01,AAPL,255.63
2026-04-01,BAC,49.27
2026-04-01,GOOGL,297.39
2026-04-01,GS,860.21
2026-04-01,JPM,295.38
2026-04-01,MS,166.17
2026-04-01,MSFT,369.37
2026-04-01,UBS,39.74
2026-04-02,AAPL,255.92
2026-04-02,BAC,49.38
2026-04-02,GOOGL,295.77
2026-04-02,GS,863.04
2026-04-02,JPM,294.6
2026-04-02,MS,165.81
2026-04-02,MSFT,373.46
2026-04-02,UBS,39.43
2026-04-06,AAPL,258.86
2026-04-06,BAC,50.06
2026-04-06,GOOGL,299.99
2026-04-06,GS,866.05
2026-04-06,JPM,295.45
2026-04-06,MS,166.55
2026-04-06,MSFT,372.88
2026-04-06,UBS,39.69
2026-04-07,AAPL,253.5
2026-04-07,BAC,50.28
2026-04-07,GOOGL,305.46
2026-04-07,GS,864.15
2026-04-07,JPM,297.4
2026-04-07,MS,168.43
2026-04-07,MSFT,372.29
2026-04-07,UBS,39.57
2026-04-08,AAPL,258.9
2026-04-08,BAC,51.88
2026-04-08,GOOGL,317.32
2026-04-08,GS,905.75
2026-04-08,JPM,307.97
2026-04-08,MS,176.02
2026-04-08,MSFT,374.33
2026-04-08,UBS,41.34
2026-04-09,AAPL,260.49
2026-04-09,BAC,52.71
2026-04-09,GOOGL,318.49
2026-04-09,GS,903.72
2026-04-09,JPM,310.33
2026-04-09,MS,178.16
2026-04-09,MSFT,373.07
2026-04-09,UBS,41.39
2026-04-10,AAPL,260.48
2026-04-10,BAC,52.54
2026-04-10,GOOGL,317.24
2026-04-10,GS,907.8
2026-04-10,JPM,309.87
2026-04-10,MS,177.64
2026-04-10,MSFT,370.87
2026-04-10,UBS,41.49
2026-04-13,AAPL,259.2
2026-04-13,BAC,53.35
2026-04-13,GOOGL,321.31
2026-04-13,GS,890.79
2026-04-13,JPM,313.68
2026-04-13,MS,181.14
2026-04-13,MSFT,384.37
2026-04-13,UBS,42.63
2026-04-14,AAPL,258.83
2026-04-14,BAC,53.35
2026-04-14,GOOGL,332.91
2026-04-14,GS,909.63
2026-04-14,JPM,311.12
2026-04-14,MS,183.34
2026-04-14,MSFT,393.11
2026-04-14,UBS,42.88
2026-04-15,AAPL,266.43
2026-04-15,BAC,54.32
2026-04-15,GOOGL,337.12
2026-04-15,GS,899.49
2026-04-15,JPM,305.93
2026-04-15,MS,191.62
2026-04-15,MSFT,411.22
2026-04-15,UBS,43.11
2026-04-16,AAPL,263.4
2026-04-16,BAC,53.51
2026-04-16,GOOGL,336.02
2026-04-16,GS,900.0
2026-04-16,JPM,309.95
2026-04-16,MS,187.32
2026-04-16,MSFT,420.26
2026-04-16,UBS,42.72
2026-04-17,AAPL,270.23
2026-04-17,BAC,53.91
2026-04-17,GOOGL,341.68
2026-04-17,GS,925.95
2026-04-17,JPM,310.29
2026-04-17,MS,188.82
2026-04-17,MSFT,422.79
2026-04-17,UBS,43.74
2026-04-20,AAPL,273.05
2026-04-20,BAC,53.95
2026-04-20,GOOGL,337.42
2026-04-20,GS,941.74
2026-04-20,JPM,316.99
2026-04-20,MS,190.7
2026-04-20,MSFT,418.07
2026-04-20,UBS,43.82
2026-04-21,AAPL,266.17
2026-04-21,BAC,53.48
2026-04-21,GOOGL,332.29
2026-04-21,GS,926.55
2026-04-21,JPM,313.0
2026-04-21,MS,189.31
2026-04-21,MSFT,424.16
2026-04-21,UBS,43.23
2026-04-22,AAPL,273.17
2026-04-22,BAC,53.12
2026-04-22,GOOGL,339.32
2026-04-22,GS,934.84
2026-04-22,JPM,313.02
2026-04-22,MS,191.05
2026-04-22,MSFT,432.92
2026-04-22,UBS,42.4
2026-04-23,AAPL,273.43
2026-04-23,BAC,52.47
2026-04-23,GOOGL,338.89
2026-04-23,GS,931.3
2026-04-23,JPM,311.69
2026-04-23,MS,188.65
2026-04-23,MSFT,415.75
2026-04-23,UBS,41.04
2026-04-24,AAPL,271.06
2026-04-24,BAC,52.05
2026-04-24,GOOGL,344.4
2026-04-24,GS,926.91
2026-04-24,JPM,308.28
2026-04-24,MS,188.07
2026-04-24,MSFT,424.62
2026-04-24,UBS,41.41
2026-04-27,AAPL,267.61
2026-04-27,BAC,52.63
2026-04-27,GOOGL,350.34
2026-04-27,GS,937.81
2026-04-27,JPM,311.63
2026-04-27,MS,190.18
2026-04-27,MSFT,424.82
2026-04-27,UBS,42.17
2026-04-28,AAPL,270.71
2026-04-28,BAC,52.66
2026-04-28,GOOGL,349.78
2026-04-28,GS,926.55
2026-04-28,JPM,311.45
2026-04-28,MS,190.36
2026-04-28,MSFT,429.25
2026-04-28,UBS,42.1
2026-04-29,AAPL,270.17
2026-04-29,BAC,52.88
2026-04-29,GOOGL,349.94
2026-04-29,GS,905.6
2026-04-29,JPM,309.25
2026-04-29,MS,187.08
2026-04-29,MSFT,424.46
2026-04-29,UBS,42.72
2026-04-30,AAPL,271.35
2026-04-30,BAC,53.46
2026-04-30,GOOGL,384.8
2026-04-30,GS,923.77
2026-04-30,JPM,313.23
2026-04-30,MS,190.59
2026-04-30,MSFT,407.78
2026-04-30,UBS,43.9
2026-05-01,AAPL,280.14
2026-05-01,BAC,53.24
2026-05-01,GOOGL,385.69
2026-05-01,GS,923.71
2026-05-01,JPM,312.47
2026-05-01,MS,190.17
2026-05-01,MSFT,414.44
2026-05-01,UBS,43.69
2026-05-04,AAPL,276.83
2026-05-04,BAC,52.19
2026-05-04,GOOGL,383.25
2026-05-04,GS,903.27
2026-05-04,JPM,307.65
2026-05-04,MS,188.01
2026-05-04,MSFT,413.62
2026-05-04,UBS,43.36
2026-05-05,AAPL,284.18
2026-05-05,BAC,53.12
2026-05-05,GOOGL,388.43
2026-05-05,GS,918.89
2026-05-05,JPM,309.4
2026-05-05,MS,189.25
2026-05-05,MSFT,411.38
2026-05-05,UBS,44.1
2026-05-06,AAPL,287.51
2026-05-06,BAC,53.6
2026-05-06,GOOGL,398.04
2026-05-06,GS,937.35
2026-05-06,JPM,314.9
2026-05-06,MS,193.35
2026-05-06,MSFT,413.96
2026-05-06,UBS,45.21
2026-05-07,AAPL,287.44
2026-05-07,BAC,52.75
2026-05-07,GOOGL,397.99
2026-05-07,GS,925.87
2026-05-07,JPM,306.27
2026-05-07,MS,190.17
2026-05-07,MSFT,420.77
2026-05-07,UBS,44.41
2026-05-08,AAPL,293.32
2026-05-08,BAC,51.31
2026-05-08,GOOGL,400.8
2026-05-08,GS,936.48
2026-05-08,JPM,302.1
2026-05-08,MS,193.09
2026-05-08,MSFT,415.12
2026-05-08,UBS,45.23
2026-05-11,AAPL,292.68
2026-05-11,BAC,50.55
2026-05-11,GOOGL,388.64
2026-05-11,GS,944.86
2026-05-11,JPM,300.0
2026-05-11,MS,191.1
2026-05-11,MSFT,412.66
2026-05-11,UBS,44.84
2026-05-12,AAPL,294.8
2026-05-12,BAC,50.78
2026-05-12,GOOGL,387.35
2026-05-12,GS,945.9
2026-05-12,JPM,304.88
2026-05-12,MS,191.88
2026-05-12,MSFT,407.77
2026-05-12,UBS,45.15
2026-05-13,AAPL,298.87
2026-05-13,BAC,49.84
2026-05-13,GOOGL,402.62
2026-05-13,GS,955.42
2026-05-13,JPM,300.25
2026-05-13,MS,193.83
2026-05-13,MSFT,405.21
2026-05-13,UBS,46.28
2026-05-14,AAPL,298.21
2026-05-14,BAC,49.85
2026-05-14,GOOGL,401.07
2026-05-14,GS,968.96
2026-05-14,JPM,299.91
2026-05-14,MS,194.53
2026-05-14,MSFT,409.43
2026-05-14,UBS,46.35
2026-05-15,AAPL,300.23
2026-05-15,BAC,49.77
2026-05-15,GOOGL,396.78
2026-05-15,GS,948.47
2026-05-15,JPM,297.81
2026-05-15,MS,192.51
2026-05-15,MSFT,421.92
2026-05-15,UBS,45.54
2026-05-18,AAPL,297.84
2026-05-18,BAC,50.69
2026-05-18,GOOGL,396.94
2026-05-18,GS,946.36
2026-05-18,JPM,300.73
2026-05-18,MS,192.69
2026-05-18,MSFT,423.54
2026-05-18,UBS,46.29
2026-05-19,AAPL,298.97
2026-05-19,BAC,50.7
2026-05-19,GOOGL,387.66
2026-05-19,GS,928.74
2026-05-19,JPM,295.7
2026-05-19,MS,189.58
2026-05-19,MSFT,417.42
2026-05-19,UBS,45.56
2026-05-20,AAPL,302.25
2026-05-20,BAC,51.23
2026-05-20,GOOGL,388.91
2026-05-20,GS,982.12
2026-05-20,JPM,301.98
2026-05-20,MS,197.77
2026-05-20,MSFT,421.06
2026-05-20,UBS,47.27
2026-05-21,AAPL,304.99
2026-05-21,BAC,51.49
2026-05-21,GOOGL,387.66
2026-05-21,GS,988.17
2026-05-21,JPM,303.0
2026-05-21,MS,200.51
2026-05-21,MSFT,419.09
2026-05-21,UBS,47.57
2026-05-22,AAPL,308.82
2026-05-22,BAC,51.8
2026-05-22,GOOGL,382.97
2026-05-22,GS,996.73
2026-05-22,JPM,306.38
2026-05-22,MS,201.03
2026-05-22,MSFT,418.57
2026-05-22,UBS,46.96
2026-05-26,AAPL,308.33
2026-05-26,BAC,52.2
2026-05-26,GOOGL,388.88
2026-05-26,GS,994.52
2026-05-26,JPM,306.74
2026-05-26,MS,201.76
2026-05-26,MSFT,416.03
2026-05-26,UBS,47.78
2026-05-27,AAPL,310.85
2026-05-27,BAC,51.1
2026-05-27,GOOGL,388.83
2026-05-27,GS,996.47
2026-05-27,JPM,299.28
2026-05-27,MS,201.61
2026-05-27,MSFT,412.67
2026-05-27,UBS,47.16
2026-05-28,AAPL,312.51
2026-05-28,BAC,50.77
2026-05-28,GOOGL,390.13
2026-05-28,GS,1008.37
2026-05-28,JPM,296.73
2026-05-28,MS,203.79
2026-05-28,MSFT,426.99
2026-05-28,UBS,46.84
2026-05-29,AAPL,312.06
2026-05-29,BAC,51.6
2026-05-29,GOOGL,380.34
2026-05-29,GS,1025.56
2026-05-29,JPM,299.31
2026-05-29,MS,208.0
2026-05-29,MSFT,450.24
2026-05-29,UBS,47.08
2026-06-01,AAPL,306.31
2026-06-01,BAC,51.51
2026-06-01,GOOGL,376.37
2026-06-01,GS,1048.58
2026-06-01,JPM,296.58
2026-06-01,MS,211.01
2026-06-01,MSFT,460.52
2026-06-01,UBS,47.99
2026-06-02,AAPL,315.2
2026-06-02,BAC,52.48
2026-06-02,GOOGL,361.85
2026-06-02,GS,1064.58
2026-06-02,JPM,300.96
2026-06-02,MS,214.98
2026-06-02,MSFT,441.31
2026-06-02,UBS,48.16
2026-06-03,AAPL,310.26
2026-06-03,BAC,52.4
2026-06-03,GOOGL,358.99
2026-06-03,GS,1041.02
2026-06-03,JPM,300.85
2026-06-03,MS,210.14
2026-06-03,MSFT,427.34
2026-06-03,UBS,47.32
2026-06-04,AAPL,311.23
2026-06-04,BAC,54.17
2026-06-04,GOOGL,372.19
2026-06-04,GS,1092.61
2026-06-04,JPM,310.89
2026-06-04,MS,218.27
2026-06-04,MSFT,428.05
2026-06-04,UBS,47.67
2026-06-05,AAPL,307.34
2026-06-05,BAC,53.83
2026-06-05,GOOGL,368.53
2026-06-05,GS,1038.68
2026-06-05,JPM,312.37
2026-06-05,MS,211.93
2026-06-05,MSFT,416.67
2026-06-05,UBS,47.01
2026-06-08,AAPL,301.54
2026-06-08,BAC,53.63
2026-06-08,GOOGL,363.31
2026-06-08,GS,1045.0
2026-06-08,JPM,311.11
2026-06-08,MS,212.24
2026-06-08,MSFT,411.74
2026-06-08,UBS,47.29
2026-06-09,AAPL,290.55
2026-06-09,BAC,54.42
2026-06-09,GOOGL,364.26
2026-06-09,GS,1032.01
2026-06-09,JPM,312.7
2026-06-09,MS,210.25
2026-06-09,MSFT,403.41
2026-06-09,UBS,47.86
2026-06-10,AAPL,291.58
2026-06-10,BAC,54.54
2026-06-10,GOOGL,356.38
2026-06-10,GS,1001.29
2026-06-10,JPM,309.14
2026-06-10,MS,206.66
2026-06-10,MSFT,397.36
2026-06-10,UBS,46.77
2026-06-11,AAPL,295.63
2026-06-11,BAC,55.16
2026-06-11,GOOGL,357.77
2026-06-11,GS,1035.64
2026-06-11,JPM,313.49
2026-06-11,MS,212.66
2026-06-11,MSFT,390.34
2026-06-11,UBS,48.19
2026-06-12,AAPL,291.13
2026-06-12,BAC,56.02
2026-06-12,GOOGL,359.68
2026-06-12,GS,1062.75
2026-06-12,JPM,320.72
2026-06-12,MS,214.04
2026-06-12,MSFT,390.74
2026-06-12,UBS,48.97
2026-06-15,AAPL,296.42
2026-06-15,BAC,55.87
2026-06-15,GOOGL,369.35
2026-06-15,GS,1076.17
2026-06-15,JPM,319.4
2026-06-15,MS,217.98
2026-06-15,MSFT,399.76
2026-06-15,UBS,49.55
2026-06-16,AAPL,299.24
2026-06-16,BAC,56.84
2026-06-16,GOOGL,373.25
2026-06-16,GS,1090.67
2026-06-16,JPM,331.14
2026-06-16,MS,220.83
2026-06-16,MSFT,393.83
2026-06-16,UBS,50.46
2026-06-17,AAPL,295.95
2026-06-17,BAC,56.53
2026-06-17,GOOGL,363.79
2026-06-17,GS,1099.14
2026-06-17,JPM,333.46
2026-06-17,MS,224.96
2026-06-17,MSFT,378.91
2026-06-17,UBS,49.73
2026-06-18,AAPL,298.01
2026-06-18,BAC,56.2
2026-06-18,GOOGL,368.03
2026-06-18,GS,1096.56
2026-06-18,JPM,325.22
2026-06-18,MS,223.17
2026-06-18,MSFT,379.4
2026-06-18,UBS,50.8
2026-06-22,AAPL,297.01
2026-06-22,BAC,57.37
2026-06-22,GOOGL,349.68
2026-06-22,GS,1106.37
2026-06-22,JPM,331.48
2026-06-22,MS,227.09
2026-06-22,MSFT,367.34
2026-06-22,UBS,51.14
2026-06-23,AAPL,294.3
2026-06-23,BAC,57.91
2026-06-23,GOOGL,346.13
2026-06-23,GS,1094.44
2026-06-23,JPM,334.14
2026-06-23,MS,226.03
2026-06-23,MSFT,373.94
2026-06-23,UBS,50.29
2026-06-24,AAPL,293.08
2026-06-24,BAC,57.73
2026-06-24,GOOGL,345.29
2026-06-24,GS,1076.91
2026-06-24,JPM,333.45
2026-06-24,MS,219.86
2026-06-24,MSFT,365.46
2026-06-24,UBS,49.4
2026-06-25,AAPL,275.15
2026-06-25,BAC,58.19
2026-06-25,GOOGL,343.71
2026-06-25,GS,1065.09
2026-06-25,JPM,335.12
2026-06-25,MS,221.04
2026-06-25,MSFT,352.83
2026-06-25,UBS,49.94
2026-06-26,AAPL,283.78
2026-06-26,BAC,57.88
2026-06-26,GOOGL,337.39
2026-06-26,GS,1019.61
2026-06-26,JPM,329.05
2026-06-26,MS,212.03
2026-06-26,MSFT,372.97
2026-06-26,UBS,49.09
2026-06-29,AAPL,281.74
2026-06-29,BAC,57.88
2026-06-29,GOOGL,353.65
2026-06-29,GS,1020.21
2026-06-29,JPM,329.39
2026-06-29,MS,211.72
2026-06-29,MSFT,368.57
2026-06-29,UBS,49.49
2026-06-30,AAPL,289.36
2026-06-30,BAC,56.98
2026-06-30,GOOGL,357.37
2026-06-30,GS,1011.37
2026-06-30,JPM,327.33
2026-06-30,MS,209.04
2026-06-30,MSFT,373.02
2026-06-30,UBS,49.56
2026-07-01,AAPL,294.38
2026-07-01,BAC,58.36
2026-07-01,GOOGL,361.21
2026-07-01,GS,1019.61
2026-07-01,JPM,334.07
2026-07-01,MS,211.86
2026-07-01,MSFT,384.28
2026-07-01,UBS,49.72
2026-07-02,AAPL,308.63
2026-07-02,BAC,58.73
2026-07-02,GOOGL,359.91
2026-07-02,GS,1021.0
2026-07-02,JPM,334.47
2026-07-02,MS,213.93
2026-07-02,MSFT,390.49
2026-07-02,UBS,51.04
2026-07-06,AAPL,312.66
2026-07-06,BAC,59.9
2026-07-06,GOOGL,366.46
2026-07-06,GS,1055.29
2026-07-06,JPM,337.72
2026-07-06,MS,222.1
2026-07-06,MSFT,386.74
2026-07-06,UBS,52.15
2026-07-07,AAPL,310.66
2026-07-07,BAC,59.86
2026-07-07,GOOGL,367.03
2026-07-07,GS,1042.98
2026-07-07,JPM,339.22
2026-07-07,MS,222.04
2026-07-07,MSFT,388.84
2026-07-07,UBS,51.44
2026-07-08,AAPL,313.39
2026-07-08,BAC,58.3
2026-07-08,GOOGL,361.92
2026-07-08,GS,1029.64
2026-07-08,JPM,330.62
2026-07-08,MS,218.07
2026-07-08,MSFT,383.34
2026-07-08,UBS,51.13
2026-07-09,AAPL,316.22
2026-07-09,BAC,59.25
2026-07-09,GOOGL,358.89
2026-07-09,GS,1055.97
2026-07-09,JPM,335.47
2026-07-09,MS,222.13
2026-07-09,MSFT,384.36
2026-07-09,UBS,51.86
2026-07-10,AAPL,315.32
2026-07-10,BAC,59.67
2026-07-10,GOOGL,357.18
2026-07-10,GS,1055.18
2026-07-10,JPM,336.47
2026-07-10,MS,222.28
2026-07-10,MSFT,385.1
2026-07-10,UBS,52.08
2026-07-13,AAPL,317.31
2026-07-13,BAC,59.5
2026-07-13,GOOGL,352.51
2026-07-13,GS,1045.91
2026-07-13,JPM,334.53
2026-07-13,MS,221.09
2026-07-13,MSFT,390.99
2026-07-13,UBS,51.93
2026-07-14,AAPL,314.86
2026-07-14,BAC,60.62
2026-07-14,GOOGL,359.51
2026-07-14,GS,1140.0
2026-07-14,JPM,342.89
2026-07-14,MS,227.67
2026-07-14,MSFT,384.93
2026-07-14,UBS,53.82
2026-07-15,AAPL,327.5
2026-07-15,BAC,61.59
2026-07-15,GOOGL,370.92
2026-07-15,GS,1152.07
2026-07-15,JPM,346.91
2026-07-15,MS,228.55
2026-07-15,MSFT,395.63
2026-07-15,UBS,55.07
2026-07-16,AAPL,333.26
2026-07-16,BAC,61.49
2026-07-16,GOOGL,354.46
2026-07-16,GS,1095.46
2026-07-16,JPM,343.15
2026-07-16,MS,218.37
2026-07-16,MSFT,401.1
2026-07-16,UBS,53.5
2026-07-17,AAPL,333.74
2026-07-17,BAC,61.27
2026-07-17,GOOGL,346.77
2026-07-17,GS,1065.22
2026-07-17,JPM,341.1
2026-07-17,MS,215.5
2026-07-17,MSFT,393.82
2026-07-17,UBS,52.73
2026-07-20,AAPL,326.59
2026-07-20,BAC,60.42
2026-07-20,GOOGL,351.99
2026-07-20,GS,1055.03
2026-07-20,JPM,338.87
2026-07-20,MS,210.94
2026-07-20,MSFT,402.29
2026-07-20,UBS,51.5
2026-07-21,AAPL,327.74
2026-07-21,BAC,61.22
2026-07-21,GOOGL,347.15
2026-07-21,GS,1085.56
2026-07-21,JPM,345.23
2026-07-21,MS,216.4
2026-07-21,MSFT,397.75
2026-07-21,UBS,52.33
2026-07-22,AAPL,325.89
2026-07-22,BAC,61.62
2026-07-22,GOOGL,342.09
2026-07-22,GS,1098.2
2026-07-22,JPM,348.21
2026-07-22,MS,218.5
2026-07-22,MSFT,390.34
2026-07-22,UBS,52.65
2026-07-23,AAPL,321.66
2026-07-23,BAC,61.28
2026-07-23,GOOGL,317.69
2026-07-23,GS,1074.72
2026-07-23,JPM,349.9
2026-07-23,MS,215.18
2026-07-23,MSFT,381.58
2026-07-23,UBS,51.55
2026-07-24,AAPL,333.02
2026-07-24,BAC,62.05
2026-07-24,GOOGL,319.74
2026-07-24,GS,1061.23
2026-07-24,JPM,353.21
2026-07-24,MS,214.48
2026-07-24,MSFT,381.7
2026-07-24,UBS,51.74
2026-07-27,AAPL,336.91
2026-07-27,BAC,62.13
2026-07-27,GOOGL,326.56
2026-07-27,GS,1048.23
2026-07-27,JPM,356.2
2026-07-27,MS,214.56
2026-07-27,MSFT,389.1
2026-07-27,UBS,52.54
2026-07-28,AAPL,340.08
2026-07-28,BAC,62.62
2026-07-28,GOOGL,333.71
2026-07-28,GS,1033.34
2026-07-28,JPM,357.31
2026-07-28,MS,211.58
2026-07-28,MSFT,393.35
2026-07-28,UBS,52.03
2026-07-29,AAPL,338.19
2026-07-29,BAC,61.07
2026-07-29,GOOGL,336.71
2026-07-29,GS,980.75
2026-07-29,JPM,344.71
2026-07-29,MS,203.13
2026-07-29,MSFT,390.54
2026-07-29,UBS,51.8
2026-07-30,AAPL,333.43
2026-07-30,BAC,61.73
2026-07-30,GOOGL,333.66
2026-07-30,GS,1024.86
2026-07-30,JPM,350.85
2026-07-30,MS,210.06
2026-07-30,MSFT,451.1
2026-07-30,UBS,53.39
2026-07-31,AAPL,308.91
2026-07-31,BAC,61.95
2026-07-31,GOOGL,356.13
2026-07-31,GS,1018.38
2026-07-31,JPM,351.79
2026-07-31,MS,210.42
2026-07-31,MSFT,464.72
2026-07-31,UBS,52.74
2026-08-03,AAPL,303.42
2026-08-03,BAC,62.48
2026-08-03,GOOGL,373.51
2026-08-03,GS,1027.06
2026-08-03,JPM,352.64
2026-08-03,MS,211.23
2026-08-03,MSFT,487.65
2026-08-03,UBS,52.75
2026-08-04,AAPL,309.38
2026-08-04,BAC,62.9
2026-08-04,GOOGL,377.65
2026-08-04,GS,1052.98
2026-08-04,JPM,357.52
2026-08-04,MS,217.04
2026-08-04,MSFT,492.81
2026-08-04,UBS,53.46
2026-08-05,AAPL,311.0
2026-08-05,BAC,63.25
2026-08-05,GOOGL,362.43
2026-08-05,GS,1060.38
2026-08-05,JPM,359.24
2026-08-05,MS,218.27
2026-08-05,MSFT,487.46
2026-08-05,UBS,53.57
2026-08-06,AAPL,312.41
2026-08-06,BAC,63.0
2026-08-06,GOOGL,357.75
2026-08-06,GS,1032.58
2026-08-06,JPM,356.3
2026-08-06,MS,213.75
2026-08-06,MSFT,499.86
2026-08-06,UBS,52.84
2026-08-07,AAPL,313.33
2026-08-07,BAC,63.17
2026-08-07,GOOGL,354.3
2026-08-07,GS,1039.61
2026-08-07,JPM,357.52
2026-08-07,MS,216.33
2026-08-07,MSFT,499.99
2026-08-07,UBS,53.76
2026-08-10,AAPL,308.26
2026-08-10,BAC,63.86
2026-08-10,GOOGL,357.52
2026-08-10,GS,1034.51
2026-08-10,JPM,359.79
2026-08-10,MS,215.33
2026-08-10,MSFT,506.06
2026-08-10,UBS,53.96
2026-08-11,AAPL,304.91
2026-08-11,BAC,64.0
2026-08-11,GOOGL,343.8
2026-08-11,GS,1034.41
2026-08-11,JPM,362.04
2026-08-11,MS,215.07
2026-08-11,MSFT,503.81
2026-08-11,UBS,53.69
2026-08-12,AAPL,302.25
2026-08-12,BAC,64.81
2026-08-12,GOOGL,343.54
2026-08-12,GS,1037.21
2026-08-12,JPM,365.18
2026-08-12,MS,217.64
2026-08-12,MSFT,492.43
2026-08-12,UBS,53.93
2026-08-13,AAPL,305.26
2026-08-13,BAC,64.09
2026-08-13,GOOGL,346.36
2026-08-13,GS,1042.63
2026-08-13,JPM,363.11
2026-08-13,MS,218.38
2026-08-13,MSFT,496.88
2026-08-13,UBS,53.73
2026-08-14,AAPL,305.93
2026-08-14,BAC,64.49
2026-08-14,GOOGL,345.9
2026-08-14,GS,1039.42
2026-08-14,JPM,362.84
2026-08-14,MS,217.36
2026-08-14,MSFT,495.4
2026-08-14,UBS,53.63
2026-08-17,AAPL,305.59
2026-08-17,BAC,63.89
2026-08-17,GOOGL,344.0
2026-08-17,GS,1051.31
2026-08-17,JPM,360.96
2026-08-17,MS,218.21
2026-08-17,MSFT,480.35
2026-08-17,UBS,53.44
2026-08-18,AAPL,310.03
2026-08-18,BAC,64.23
2026-08-18,GOOGL,344.2
2026-08-18,GS,1040.47
2026-08-18,JPM,363.25
2026-08-18,MS,217.55
2026-08-18,MSFT,481.63
2026-08-18,UBS,52.97
2026-08-19,AAPL,316.83
2026-08-19,BAC,63.17
2026-08-19,GOOGL,344.72
2026-08-19,GS,1021.65
2026-08-19,JPM,357.26
2026-08-19,MS,214.23
2026-08-19,MSFT,484.31
2026-08-19,UBS,53.13
2026-08-20,AAPL,311.3
2026-08-20,BAC,61.86
2026-08-20,GOOGL,340.67
2026-08-20,GS,1001.95
2026-08-20,JPM,351.55
2026-08-20,MS,207.45
2026-08-20,MSFT,481.15
2026-08-20,UBS,53.2
2026-08-21,AAPL,309.35
2026-08-21,BAC,61.69
2026-08-21,GOOGL,344.82
2026-08-21,GS,1039.28
2026-08-21,JPM,351.58
2026-08-21,MS,214.2
2026-08-21,MSFT,483.24
2026-08-21,UBS,53.29
2026-08-24,AAPL,310.34
2026-08-24,BAC,62.33
2026-08-24,GOOGL,348.06
2026-08-24,GS,1036.28
2026-08-24,JPM,356.39
2026-08-24,MS,214.08
2026-08-24,MSFT,487.31
2026-08-24,UBS,53.71
2026-08-25,AAPL,309.9
2026-08-25,BAC,62.43
2026-08-25,GOOGL,346.96
2026-08-25,GS,1058.88
2026-08-25,JPM,356.69
2026-08-25,MS,216.77
2026-08-25,MSFT,491.71
2026-08-25,UBS,54.23
2026-08-26,AAPL,313.45
2026-08-26,BAC,62.23
2026-08-26,GOOGL,342.0
2026-08-26,GS,1040.46
2026-08-26,JPM,356.5
2026-08-26,MS,214.08
2026-08-26,MSFT,496.37
2026-08-26,UBS,54.52
2026-08-27,AAPL,314.58
2026-08-27,BAC,61.17
2026-08-27,GOOGL,340.65
2026-08-27,GS,1040.87
2026-08-27,JPM,354.22
2026-08-27,MS,214.86
2026-08-27,MSFT,505.06
2026-08-27,UBS,54.36
2026-08-28,AAPL,319.7
2026-08-28,BAC,62.32
2026-08-28,GOOGL,346.59
2026-08-28,GS,1033.99
2026-08-28,JPM,357.62
2026-08-28,MS,214.77
2026-08-28,MSFT,513.53
2026-08-28,UBS,54.9
2026-08-31,AAPL,316.85
2026-08-31,BAC,61.94
2026-08-31,GOOGL,339.35
2026-08-31,GS,1025.9
2026-08-31,JPM,356.02
2026-08-31,MS,213.32
2026-08-31,MSFT,507.29
2026-08-31,UBS,55.72
2026-09-01,AAPL,325.13
2026-09-01,BAC,61.99
2026-09-01,GOOGL,335.02
2026-09-01,GS,1002.56
2026-09-01,JPM,354.95
2026-09-01,MS,211.04
2026-09-01,MSFT,501.02
2026-09-01,UBS,54.14
2026-09-02,AAPL,324.96
2026-09-02,BAC,62.6
2026-09-02,GOOGL,337.12
2026-09-02,GS,1004.42
2026-09-02,JPM,356.22
2026-09-02,MS,211.82
2026-09-02,MSFT,496.82
2026-09-02,UBS,54.9
2026-09-03,AAPL,328.21
2026-09-03,BAC,63.04
2026-09-03,GOOGL,342.48
2026-09-03,GS,1037.93
2026-09-03,JPM,362.06
2026-09-03,MS,217.15
2026-09-03,MSFT,510.12
2026-09-03,UBS,55.68
2026-09-04,AAPL,319.97
2026-09-04,BAC,62.68
2026-09-04,GOOGL,338.46
2026-09-04,GS,1038.61
2026-09-04,JPM,358.64
2026-09-04,MS,217.72
2026-09-04,MSFT,499.7
2026-09-04,UBS,55.38
2026-09-08,AAPL,316.22
2026-09-08,BAC,62.39
2026-09-08,GOOGL,338.36
2026-09-08,GS,1036.53
2026-09-08,JPM,353.51
2026-09-08,MS,216.24
2026-09-08,MSFT,493.95
2026-09-08,UBS,55.07
2026-09-09,AAPL,315.34
2026-09-09,BAC,62.67
2026-09-09,GOOGL,330.65
2026-09-09,GS,1028.78
2026-09-09,JPM,354.71
2026-09-09,MS,215.35
2026-09-09,MSFT,491.65
2026-09-09,UBS,54.84
2026-09-10,AAPL,326.57
2026-09-10,BAC,62.56
2026-09-10,GOOGL,332.6
2026-09-10,GS,1019.77
2026-09-10,JPM,353.56
2026-09-10,MS,212.66
2026-09-10,MSFT,492.44
2026-09-10,UBS,54.01
2026-09-11,AAPL,332.27
2026-09-11,BAC,62.69
2026-09-11,GOOGL,338.5
2026-09-11,GS,1029.18
2026-09-11,JPM,356.23
2026-09-11,MS,214.38
2026-09-11,MSFT,495.63
2026-09-11,UBS,54.58
2026-09-14,AAPL,333.08
2026-09-14,BAC,59.47
2026-09-14,GOOGL,349.39
2026-09-14,GS,988.45
2026-09-14,JPM,350.13
2026-09-14,MS,206.58
2026-09-14,MSFT,505.41
2026-09-14,UBS,52.99
2026-09-15,AAPL,331.34
2026-09-15,BAC,59.52
2026-09-15,GOOGL,344.98
2026-09-15,GS,976.67
2026-09-15,JPM,352.49
2026-09-15,MS,206.28
2026-09-15,MSFT,497.12
2026-09-15,UBS,51.49
2026-09-16,AAPL,332.41
2026-09-16,BAC,57.9
2026-09-16,GOOGL,342.87
2026-09-16,GS,937.98
2026-09-16,JPM,348.92
2026-09-16,MS,202.42
2026-09-16,MSFT,490.3
2026-09-16,UBS,50.42
2026-09-17,AAPL,337.0
2026-09-17,BAC,58.18
2026-09-17,GOOGL,347.33
2026-09-17,GS,951.47
2026-09-17,JPM,349.31
2026-09-17,MS,203.52
2026-09-17,MSFT,497.75
2026-09-17,UBS,50.62
2026-09-18,AAPL,336.13
2026-09-18,BAC,57.73
2026-09-18,GOOGL,349.54
2026-09-18,GS,942.0
2026-09-18,JPM,349.67
2026-09-18,MS,202.58
2026-09-18,MSFT,493.78
2026-09-18,UBS,50.69
2026-09-21,AAPL,338.98
2026-09-21,BAC,57.96
2026-09-21,GOOGL,354.97
2026-09-21,GS,959.39
2026-09-21,JPM,352.04
2026-09-21,MS,206.12
2026-09-21,MSFT,501.61
2026-09-21,UBS,51.06
2026-09-22,AAPL,339.75
2026-09-22,BAC,56.2
2026-09-22,GOOGL,351.16
2026-09-22,GS,949.49
2026-09-22,JPM,340.0
2026-09-22,MS,200.18
2026-09-22,MSFT,498.0
2026-09-22,UBS,49.19
2026-09-23,AAPL,337.02
2026-09-23,BAC,56.0
2026-09-23,GOOGL,337.83
2026-09-23,GS,936.36
2026-09-23,JPM,337.53
2026-09-23,MS,198.39
2026-09-23,MSFT,500.59
2026-09-23,UBS,47.74
2026-09-24,AAPL,335.92
2026-09-24,BAC,56.03
2026-09-24,GOOGL,342.36
2026-09-24,GS,923.29
2026-09-24,JPM,338.56
2026-09-24,MS,196.32
2026-09-24,MSFT,497.93
2026-09-24,UBS,48.46
2026-09-25,AAPL,341.07
2026-09-25,BAC,56.7
2026-09-25,GOOGL,343.92
2026-09-25,GS,935.45
2026-09-25,JPM,343.06
2026-09-25,MS,196.31
2026-09-25,MSFT,516.17
2026-09-25,UBS,49.67
2026-09-28,AAPL,338.4
2026-09-28,BAC,55.47
2026-09-28,GOOGL,342.75
2026-09-28,GS,916.28
2026-09-28,JPM,336.59
2026-09-28,MS,193.64
2026-09-28,MSFT,509.22
2026-09-28,UBS,48.62
