ValuationDate,TotalPositions,TotalBreaks,MajorBreaks,MinorBreaks,AvgVariancePct,BreakRatePct,Rolling7DayAvgBreaks
2026-03-30,8,0,0,0,0.8262499999999999,0.0,0.0
2026-03-31,8,0,0,0,-0.9037499999999999,0.0,0.0
2026-04-01,8,0,0,0,-0.5887500000000001,0.0,0.0
2026-04-02,8,0,0,0,-0.15999999999999998,0.0,0.0
2026-04-06,8,0,0,0,-0.8150000000000001,0.0,0.0
2026-04-07,8,0,0,0,-0.20625000000000002,0.0,0.0
2026-04-08,8,0,0,0,0.07874999999999999,0.0,0.0
2026-04-09,8,0,0,0,-0.52625,0.0,0.0
2026-04-10,8,0,0,0,0.885,0.0,0.0
2026-04-13,8,1,0,1,-0.44625000000000004,12.5,0.14
2026-04-14,8,1,1,0,0.63375,12.5,0.29
2026-04-15,8,0,0,0,-0.34500000000000003,0.0,0.29
2026-04-16,8,0,0,0,-0.495,0.0,0.29
2026-04-17,8,0,0,0,0.10125000000000003,0.0,0.29
2026-04-20,8,1,0,1,0.6225,12.5,0.43
2026-04-21,8,1,0,1,0.20625,12.5,0.57
2026-04-22,8,0,0,0,-0.345,0.0,0.43
2026-04-23,8,1,1,0,0.6824999999999999,12.5,0.43
2026-04-24,8,0,0,0,-0.017499999999999988,0.0,0.43
2026-04-27,8,0,0,0,0.17624999999999996,0.0,0.43
2026-04-28,8,0,0,0,0.79625,0.0,0.43
2026-04-29,8,0,0,0,-0.25125,0.0,0.29
2026-04-30,8,3,2,1,0.46375,37.5,0.57
2026-05-01,8,1,1,0,0.5899999999999999,12.5,0.71
2026-05-04,8,0,0,0,-0.42999999999999994,0.0,0.57
2026-05-05,8,0,0,0,0.33125000000000004,0.0,0.57
2026-05-06,8,1,1,0,1.5225,12.5,0.71
2026-05-07,8,1,0,1,-0.355,12.5,0.86
2026-05-08,8,0,0,0,-0.17625000000000002,0.0,0.86
2026-05-11,8,2,0,2,0.09875000000000006,25.0,0.71
2026-05-12,8,1,1,0,0.68,12.5,0.71
2026-05-13,8,1,0,1,0.5575000000000001,12.5,0.86
2026-05-14,8,1,0,1,-0.65,12.5,1.0
2026-05-15,8,0,0,0,-0.29999999999999993,0.0,0.86
2026-05-18,8,0,0,0,-0.01125000000000001,0.0,0.71
2026-05-19,8,1,0,1,0.32499999999999996,12.5,0.86
2026-05-20,8,1,1,0,0.5375,12.5,0.71
2026-05-21,8,0,0,0,0.4925,0.0,0.57
2026-05-22,8,0,0,0,0.375,0.0,0.43
2026-05-26,8,0,0,0,0.66375,0.0,0.29
2026-05-27,8,1,0,1,0.31875,12.5,0.43
2026-05-28,8,0,0,0,0.10749999999999998,0.0,0.43
2026-05-29,8,0,0,0,-0.4,0.0,0.29
2026-06-01,8,0,0,0,-0.42,0.0,0.14
2026-06-02,8,0,0,0,-0.215,0.0,0.14
2026-06-03,8,0,0,0,0.5375000000000001,0.0,0.14
2026-06-04,8,1,0,1,0.685,12.5,0.29
2026-06-05,8,2,0,2,-0.30750000000000005,25.0,0.43
2026-06-08,8,0,0,0,0.29374999999999996,0.0,0.43
2026-06-09,8,0,0,0,0.375,0.0,0.43
2026-06-10,8,0,0,0,-0.5962500000000001,0.0,0.43
2026-06-11,8,0,0,0,-0.08249999999999999,0.0,0.43
2026-06-12,8,1,0,1,1.39875,12.5,0.57
2026-06-15,8,1,0,1,-0.41125,12.5,0.57
2026-06-16,8,0,0,0,0.09625000000000002,0.0,0.29
2026-06-17,8,2,1,1,-1.3575,25.0,0.57
2026-06-18,8,0,0,0,-0.465,0.0,0.57
2026-06-22,8,0,0,0,-0.25999999999999995,0.0,0.57
2026-06-23,8,1,0,1,-0.49625,12.5,0.71
2026-06-24,8,1,0,1,1.1875,12.5,0.71
2026-06-25,8,0,0,0,-1.1975,0.0,0.57
2026-06-26,8,1,1,0,-0.2674999999999999,12.5,0.71
2026-06-29,8,0,0,0,-0.27749999999999997,0.0,0.43
2026-06-30,8,1,1,0,-1.2025000000000001,12.5,0.57
2026-07-01,8,0,0,0,-0.11125000000000004,0.0,0.57
2026-07-02,8,0,0,0,-1.00375,0.0,0.43
2026-07-06,8,0,0,0,-0.6625000000000001,0.0,0.29
2026-07-07,8,1,1,0,-0.64125,12.5,0.43
2026-07-08,8,1,0,1,-0.6,12.5,0.43
2026-07-09,8,0,0,0,0.075,0.0,0.43
2026-07-10,8,3,1,2,1.0350000000000001,37.5,0.71
2026-07-13,8,1,0,1,-0.33625000000000005,12.5,0.86
2026-07-14,8,1,0,1,0.655,12.5,1.0
2026-07-15,8,0,0,0,-0.245,0.0,1.0
2026-07-16,8,0,0,0,0.003750000000000017,0.0,0.86
2026-07-17,8,0,0,0,0.43749999999999994,0.0,0.71
2026-07-20,8,1,0,1,0.38375,12.5,0.86
2026-07-21,8,0,0,0,0.8362499999999999,0.0,0.43
2026-07-22,8,0,0,0,0.17999999999999997,0.0,0.29
2026-07-23,8,0,0,0,-0.92625,0.0,0.14
2026-07-24,8,4,3,1,1.315,50.0,0.71
2026-07-27,8,1,0,1,0.8825,12.5,0.86
2026-07-28,8,1,1,0,-1.15875,12.5,1.0
2026-07-29,8,2,0,2,-0.32625000000000004,25.0,1.14
2026-07-30,8,0,0,0,-0.007500000000000034,0.0,1.14
2026-07-31,8,0,0,0,-0.295,0.0,1.14
2026-08-03,8,0,0,0,0.33499999999999996,0.0,1.14
2026-08-04,8,0,0,0,-0.3325,0.0,0.57
2026-08-05,8,1,0,1,-0.14125000000000004,12.5,0.57
2026-08-06,8,0,0,0,0.14125,0.0,0.43
2026-08-07,8,1,1,0,-1.15375,12.5,0.29
2026-08-10,8,0,0,0,-0.35749999999999993,0.0,0.29
2026-08-11,8,0,0,0,0.03625000000000005,0.0,0.29
2026-08-12,8,0,0,0,-0.95,0.0,0.29
2026-08-13,8,1,0,1,0.42750000000000005,12.5,0.43
2026-08-14,8,2,1,1,1.5075,25.0,0.57
2026-08-17,8,0,0,0,0.37250000000000005,0.0,0.57
2026-08-18,8,0,0,0,-0.10875000000000001,0.0,0.43
2026-08-19,8,0,0,0,0.34374999999999994,0.0,0.43
2026-08-20,8,1,1,0,-1.0662500000000001,12.5,0.57
2026-08-21,8,0,0,0,-0.175,0.0,0.57
2026-08-24,8,0,0,0,0.1725,0.0,0.43
2026-08-25,8,1,0,1,0.9600000000000001,12.5,0.29
2026-08-26,8,0,0,0,-0.16749999999999998,0.0,0.29
2026-08-27,8,0,0,0,-0.043750000000000004,0.0,0.29
2026-08-28,8,1,0,1,0.615,12.5,0.43
2026-08-31,8,0,0,0,-0.1775,0.0,0.29
2026-09-01,8,0,0,0,0.32875,0.0,0.29
2026-09-02,8,1,0,1,0.24625,12.5,0.43
2026-09-03,8,0,0,0,0.09875,0.0,0.29
2026-09-04,8,1,0,1,0.995,12.5,0.43
2026-09-08,8,0,0,0,1.36875,0.0,0.43
2026-09-09,8,0,0,0,0.3075,0.0,0.29
2026-09-10,8,1,0,1,0.4387500000000001,12.5,0.43
2026-09-11,8,0,0,0,0.4775,0.0,0.43
2026-09-14,8,0,0,0,-0.19374999999999998,0.0,0.29
2026-09-15,8,1,0,1,-0.16625,12.5,0.43
2026-09-16,8,1,1,0,1.0975,12.5,0.43
2026-09-17,8,0,0,0,-0.21250000000000002,0.0,0.43
2026-09-18,8,0,0,0,0.57125,0.0,0.43
2026-09-21,8,0,0,0,1.005,0.0,0.29
2026-09-22,8,1,1,0,0.18125000000000002,12.5,0.43
2026-09-23,8,1,0,1,-0.65625,12.5,0.57
2026-09-24,8,1,0,1,-0.14999999999999997,12.5,0.57
2026-09-25,8,0,0,0,0.04500000000000001,0.0,0.43
2026-09-28,8,0,0,0,0.8175,0.0,0.43
