PriceID,ValuationDate,InstrumentID,Ticker,AssetClass,Sector,MarketPrice,TraderMark,TraderID,CalculatedVariancePct,BreakID,Severity,Status,IsBreach
1,2026-03-30,1,AAPL,Equity,Technology,246.63,248.47,TDR_NY_TECH01,0.75,,In Tolerance,N/A,0
2,2026-03-30,8,BAC,Equity,Financials,47.23,47.13,TDR_NY_FIN01,-0.21,,In Tolerance,N/A,0
3,2026-03-30,3,GOOGL,Equity,Technology,273.5,276.16,TDR_NY_TECH02,0.97,,In Tolerance,N/A,0
4,2026-03-30,5,GS,Equity,Financials,807.6,826.05,TDR_LN_FIN02,2.28,,In Tolerance,N/A,0
5,2026-03-30,4,JPM,Equity,Financials,283.77,282.77,TDR_NY_FIN01,-0.35,,In Tolerance,N/A,0
6,2026-03-30,7,MS,Equity,Financials,158.37,157.81,TDR_NY_FIN01,-0.35,,In Tolerance,N/A,0
7,2026-03-30,2,MSFT,Equity,Technology,358.96,367.46,TDR_NY_TECH01,2.37,,In Tolerance,N/A,0
8,2026-03-30,6,UBS,Equity,Financials,36.67,37.09,TDR_LN_FIN02,1.15,,In Tolerance,N/A,0
9,2026-03-31,1,AAPL,Equity,Technology,253.79,252.0,TDR_NY_TECH01,-0.71,,In Tolerance,N/A,0
10,2026-03-31,8,BAC,Equity,Financials,48.75,49.15,TDR_NY_FIN01,0.82,,In Tolerance,N/A,0
11,2026-03-31,3,GOOGL,Equity,Technology,287.56,285.56,TDR_NY_TECH02,-0.7,,In Tolerance,N/A,0
12,2026-03-31,5,GS,Equity,Financials,845.99,840.08,TDR_LN_FIN02,-0.7,,In Tolerance,N/A,0
13,2026-03-31,4,JPM,Equity,Financials,294.16,295.23,TDR_NY_FIN01,0.36,,In Tolerance,N/A,0
14,2026-03-31,7,MS,Equity,Financials,164.57,159.85,TDR_NY_FIN01,-2.87,,In Tolerance,N/A,0
15,2026-03-31,2,MSFT,Equity,Technology,370.17,360.59,TDR_NY_TECH01,-2.59,,In Tolerance,N/A,0
16,2026-03-31,6,UBS,Equity,Financials,39.07,38.74,TDR_LN_FIN02,-0.84,,In Tolerance,N/A,0
17,2026-04-01,1,AAPL,Equity,Technology,255.63,251.75,TDR_NY_TECH01,-1.52,,In Tolerance,N/A,0
18,2026-04-01,8,BAC,Equity,Financials,49.27,49.5,TDR_NY_FIN01,0.47,,In Tolerance,N/A,0
19,2026-04-01,3,GOOGL,Equity,Technology,297.39,293.34,TDR_NY_TECH02,-1.36,,In Tolerance,N/A,0
20,2026-04-01,5,GS,Equity,Financials,860.21,841.99,TDR_LN_FIN02,-2.12,,In Tolerance,N/A,0
21,2026-04-01,4,JPM,Equity,Financials,295.38,301.87,TDR_NY_FIN01,2.2,,In Tolerance,N/A,0
22,2026-04-01,7,MS,Equity,Financials,166.17,165.61,TDR_NY_FIN01,-0.34,,In Tolerance,N/A,0
23,2026-04-01,2,MSFT,Equity,Technology,369.37,369.74,TDR_NY_TECH01,0.1,,In Tolerance,N/A,0
24,2026-04-01,6,UBS,Equity,Financials,39.74,38.89,TDR_LN_FIN02,-2.14,,In Tolerance,N/A,0
25,2026-04-02,1,AAPL,Equity,Technology,255.92,253.83,TDR_NY_TECH01,-0.82,,In Tolerance,N/A,0
26,2026-04-02,8,BAC,Equity,Financials,49.38,49.46,TDR_NY_FIN01,0.16,,In Tolerance,N/A,0
27,2026-04-02,3,GOOGL,Equity,Technology,295.77,290.66,TDR_NY_TECH02,-1.73,,In Tolerance,N/A,0
28,2026-04-02,5,GS,Equity,Financials,863.04,867.9,TDR_LN_FIN02,0.56,,In Tolerance,N/A,0
29,2026-04-02,4,JPM,Equity,Financials,294.6,291.95,TDR_NY_FIN01,-0.9,,In Tolerance,N/A,0
30,2026-04-02,7,MS,Equity,Financials,165.81,165.08,TDR_NY_FIN01,-0.44,,In Tolerance,N/A,0
31,2026-04-02,2,MSFT,Equity,Technology,373.46,370.09,TDR_NY_TECH01,-0.9,,In Tolerance,N/A,0
32,2026-04-02,6,UBS,Equity,Financials,39.43,40.53,TDR_LN_FIN02,2.79,,In Tolerance,N/A,0
33,2026-04-06,1,AAPL,Equity,Technology,258.86,258.81,TDR_NY_TECH01,-0.02,,In Tolerance,N/A,0
34,2026-04-06,8,BAC,Equity,Financials,50.06,49.27,TDR_NY_FIN01,-1.58,,In Tolerance,N/A,0
35,2026-04-06,3,GOOGL,Equity,Technology,299.99,303.69,TDR_NY_TECH02,1.23,,In Tolerance,N/A,0
36,2026-04-06,5,GS,Equity,Financials,866.05,850.19,TDR_LN_FIN02,-1.83,,In Tolerance,N/A,0
37,2026-04-06,4,JPM,Equity,Financials,295.45,296.38,TDR_NY_FIN01,0.31,,In Tolerance,N/A,0
38,2026-04-06,7,MS,Equity,Financials,166.55,161.65,TDR_NY_FIN01,-2.94,,In Tolerance,N/A,0
39,2026-04-06,2,MSFT,Equity,Technology,372.88,365.45,TDR_NY_TECH01,-1.99,,In Tolerance,N/A,0
40,2026-04-06,6,UBS,Equity,Financials,39.69,39.81,TDR_LN_FIN02,0.3,,In Tolerance,N/A,0
41,2026-04-07,1,AAPL,Equity,Technology,253.5,256.31,TDR_NY_TECH01,1.11,,In Tolerance,N/A,0
42,2026-04-07,8,BAC,Equity,Financials,50.28,50.41,TDR_NY_FIN01,0.26,,In Tolerance,N/A,0
43,2026-04-07,3,GOOGL,Equity,Technology,305.46,304.93,TDR_NY_TECH02,-0.17,,In Tolerance,N/A,0
44,2026-04-07,5,GS,Equity,Financials,864.15,860.25,TDR_LN_FIN02,-0.45,,In Tolerance,N/A,0
45,2026-04-07,4,JPM,Equity,Financials,297.4,290.8,TDR_NY_FIN01,-2.22,,In Tolerance,N/A,0
46,2026-04-07,7,MS,Equity,Financials,168.43,166.61,TDR_NY_FIN01,-1.08,,In Tolerance,N/A,0
47,2026-04-07,2,MSFT,Equity,Technology,372.29,369.72,TDR_NY_TECH01,-0.69,,In Tolerance,N/A,0
48,2026-04-07,6,UBS,Equity,Financials,39.57,40.2,TDR_LN_FIN02,1.59,,In Tolerance,N/A,0
49,2026-04-08,1,AAPL,Equity,Technology,258.9,260.23,TDR_NY_TECH01,0.51,,In Tolerance,N/A,0
50,2026-04-08,8,BAC,Equity,Financials,51.88,50.51,TDR_NY_FIN01,-2.64,,In Tolerance,N/A,0
51,2026-04-08,3,GOOGL,Equity,Technology,317.32,318.86,TDR_NY_TECH02,0.49,,In Tolerance,N/A,0
52,2026-04-08,5,GS,Equity,Financials,905.75,900.52,TDR_LN_FIN02,-0.58,,In Tolerance,N/A,0
53,2026-04-08,4,JPM,Equity,Financials,307.97,304.84,TDR_NY_FIN01,-1.02,,In Tolerance,N/A,0
54,2026-04-08,7,MS,Equity,Financials,176.02,177.64,TDR_NY_FIN01,0.92,,In Tolerance,N/A,0
55,2026-04-08,2,MSFT,Equity,Technology,374.33,380.12,TDR_NY_TECH01,1.55,,In Tolerance,N/A,0
56,2026-04-08,6,UBS,Equity,Financials,41.34,41.92,TDR_LN_FIN02,1.4,,In Tolerance,N/A,0
57,2026-04-09,1,AAPL,Equity,Technology,260.49,257.21,TDR_NY_TECH01,-1.26,,In Tolerance,N/A,0
58,2026-04-09,8,BAC,Equity,Financials,52.71,52.47,TDR_NY_FIN01,-0.46,,In Tolerance,N/A,0
59,2026-04-09,3,GOOGL,Equity,Technology,318.49,320.07,TDR_NY_TECH02,0.5,,In Tolerance,N/A,0
60,2026-04-09,5,GS,Equity,Financials,903.72,916.94,TDR_LN_FIN02,1.46,,In Tolerance,N/A,0
61,2026-04-09,4,JPM,Equity,Financials,310.33,308.1,TDR_NY_FIN01,-0.72,,In Tolerance,N/A,0
62,2026-04-09,7,MS,Equity,Financials,178.16,177.66,TDR_NY_FIN01,-0.28,,In Tolerance,N/A,0
63,2026-04-09,2,MSFT,Equity,Technology,373.07,366.88,TDR_NY_TECH01,-1.66,,In Tolerance,N/A,0
64,2026-04-09,6,UBS,Equity,Financials,41.39,40.65,TDR_LN_FIN02,-1.79,,In Tolerance,N/A,0
65,2026-04-10,1,AAPL,Equity,Technology,260.48,263.65,TDR_NY_TECH01,1.22,,In Tolerance,N/A,0
66,2026-04-10,8,BAC,Equity,Financials,52.54,53.61,TDR_NY_FIN01,2.04,,In Tolerance,N/A,0
67,2026-04-10,3,GOOGL,Equity,Technology,317.24,316.9,TDR_NY_TECH02,-0.11,,In Tolerance,N/A,0
68,2026-04-10,5,GS,Equity,Financials,907.8,921.47,TDR_LN_FIN02,1.51,,In Tolerance,N/A,0
69,2026-04-10,4,JPM,Equity,Financials,309.87,311.55,TDR_NY_FIN01,0.54,,In Tolerance,N/A,0
70,2026-04-10,7,MS,Equity,Financials,177.64,175.92,TDR_NY_FIN01,-0.97,,In Tolerance,N/A,0
71,2026-04-10,2,MSFT,Equity,Technology,370.87,372.88,TDR_NY_TECH01,0.54,,In Tolerance,N/A,0
72,2026-04-10,6,UBS,Equity,Financials,41.49,42.45,TDR_LN_FIN02,2.31,,In Tolerance,N/A,0
73,2026-04-13,1,AAPL,Equity,Technology,259.2,259.06,TDR_NY_TECH01,-0.05,,In Tolerance,N/A,0
74,2026-04-13,8,BAC,Equity,Financials,53.35,54.6,TDR_NY_FIN01,2.34,,In Tolerance,N/A,0
75,2026-04-13,3,GOOGL,Equity,Technology,321.31,308.68,TDR_NY_TECH02,-3.93,1.0,Minor,Open,1
76,2026-04-13,5,GS,Equity,Financials,890.79,901.77,TDR_LN_FIN02,1.23,,In Tolerance,N/A,0
77,2026-04-13,4,JPM,Equity,Financials,313.68,314.09,TDR_NY_FIN01,0.13,,In Tolerance,N/A,0
78,2026-04-13,7,MS,Equity,Financials,181.14,180.33,TDR_NY_FIN01,-0.45,,In Tolerance,N/A,0
79,2026-04-13,2,MSFT,Equity,Technology,384.37,384.9,TDR_NY_TECH01,0.14,,In Tolerance,N/A,0
80,2026-04-13,6,UBS,Equity,Financials,42.63,41.36,TDR_LN_FIN02,-2.98,,In Tolerance,N/A,0
81,2026-04-14,1,AAPL,Equity,Technology,258.83,257.98,TDR_NY_TECH01,-0.33,,In Tolerance,N/A,0
82,2026-04-14,8,BAC,Equity,Financials,53.35,53.64,TDR_NY_FIN01,0.54,,In Tolerance,N/A,0
83,2026-04-14,3,GOOGL,Equity,Technology,332.91,352.02,TDR_NY_TECH02,5.74,2.0,Major,Open,1
84,2026-04-14,5,GS,Equity,Financials,909.63,902.56,TDR_LN_FIN02,-0.78,,In Tolerance,N/A,0
85,2026-04-14,4,JPM,Equity,Financials,311.12,307.35,TDR_NY_FIN01,-1.21,,In Tolerance,N/A,0
86,2026-04-14,7,MS,Equity,Financials,183.34,181.96,TDR_NY_FIN01,-0.75,,In Tolerance,N/A,0
87,2026-04-14,2,MSFT,Equity,Technology,393.11,398.51,TDR_NY_TECH01,1.37,,In Tolerance,N/A,0
88,2026-04-14,6,UBS,Equity,Financials,42.88,43.09,TDR_LN_FIN02,0.49,,In Tolerance,N/A,0
89,2026-04-15,1,AAPL,Equity,Technology,266.43,264.31,TDR_NY_TECH01,-0.8,,In Tolerance,N/A,0
90,2026-04-15,8,BAC,Equity,Financials,54.32,54.74,TDR_NY_FIN01,0.77,,In Tolerance,N/A,0
91,2026-04-15,3,GOOGL,Equity,Technology,337.12,337.61,TDR_NY_TECH02,0.15,,In Tolerance,N/A,0
92,2026-04-15,5,GS,Equity,Financials,899.49,912.56,TDR_LN_FIN02,1.45,,In Tolerance,N/A,0
93,2026-04-15,4,JPM,Equity,Financials,305.93,302.71,TDR_NY_FIN01,-1.05,,In Tolerance,N/A,0
94,2026-04-15,7,MS,Equity,Financials,191.62,190.68,TDR_NY_FIN01,-0.49,,In Tolerance,N/A,0
95,2026-04-15,2,MSFT,Equity,Technology,411.22,408.8,TDR_NY_TECH01,-0.59,,In Tolerance,N/A,0
96,2026-04-15,6,UBS,Equity,Financials,43.11,42.16,TDR_LN_FIN02,-2.2,,In Tolerance,N/A,0
97,2026-04-16,1,AAPL,Equity,Technology,263.4,264.57,TDR_NY_TECH01,0.44,,In Tolerance,N/A,0
98,2026-04-16,8,BAC,Equity,Financials,53.51,53.72,TDR_NY_FIN01,0.39,,In Tolerance,N/A,0
99,2026-04-16,3,GOOGL,Equity,Technology,336.02,336.05,TDR_NY_TECH02,0.01,,In Tolerance,N/A,0
100,2026-04-16,5,GS,Equity,Financials,900.0,896.83,TDR_LN_FIN02,-0.35,,In Tolerance,N/A,0
101,2026-04-16,4,JPM,Equity,Financials,309.95,303.37,TDR_NY_FIN01,-2.12,,In Tolerance,N/A,0
102,2026-04-16,7,MS,Equity,Financials,187.32,186.14,TDR_NY_FIN01,-0.63,,In Tolerance,N/A,0
103,2026-04-16,2,MSFT,Equity,Technology,420.26,418.1,TDR_NY_TECH01,-0.51,,In Tolerance,N/A,0
104,2026-04-16,6,UBS,Equity,Financials,42.72,42.21,TDR_LN_FIN02,-1.19,,In Tolerance,N/A,0
105,2026-04-17,1,AAPL,Equity,Technology,270.23,269.58,TDR_NY_TECH01,-0.24,,In Tolerance,N/A,0
106,2026-04-17,8,BAC,Equity,Financials,53.91,54.24,TDR_NY_FIN01,0.61,,In Tolerance,N/A,0
107,2026-04-17,3,GOOGL,Equity,Technology,341.68,351.35,TDR_NY_TECH02,2.83,,In Tolerance,N/A,0
108,2026-04-17,5,GS,Equity,Financials,925.95,928.37,TDR_LN_FIN02,0.26,,In Tolerance,N/A,0
109,2026-04-17,4,JPM,Equity,Financials,310.29,311.49,TDR_NY_FIN01,0.39,,In Tolerance,N/A,0
110,2026-04-17,7,MS,Equity,Financials,188.82,188.61,TDR_NY_FIN01,-0.11,,In Tolerance,N/A,0
111,2026-04-17,2,MSFT,Equity,Technology,422.79,410.62,TDR_NY_TECH01,-2.88,,In Tolerance,N/A,0
112,2026-04-17,6,UBS,Equity,Financials,43.74,43.72,TDR_LN_FIN02,-0.05,,In Tolerance,N/A,0
113,2026-04-20,1,AAPL,Equity,Technology,273.05,273.3,TDR_NY_TECH01,0.09,,In Tolerance,N/A,0
114,2026-04-20,8,BAC,Equity,Financials,53.95,55.94,TDR_NY_FIN01,3.69,3.0,Minor,Open,1
115,2026-04-20,3,GOOGL,Equity,Technology,337.42,336.45,TDR_NY_TECH02,-0.29,,In Tolerance,N/A,0
116,2026-04-20,5,GS,Equity,Financials,941.74,946.0,TDR_LN_FIN02,0.45,,In Tolerance,N/A,0
117,2026-04-20,4,JPM,Equity,Financials,316.99,316.82,TDR_NY_FIN01,-0.05,,In Tolerance,N/A,0
118,2026-04-20,7,MS,Equity,Financials,190.7,187.36,TDR_NY_FIN01,-1.75,,In Tolerance,N/A,0
119,2026-04-20,2,MSFT,Equity,Technology,418.07,425.24,TDR_NY_TECH01,1.72,,In Tolerance,N/A,0
120,2026-04-20,6,UBS,Equity,Financials,43.82,44.31,TDR_LN_FIN02,1.12,,In Tolerance,N/A,0
121,2026-04-21,1,AAPL,Equity,Technology,266.17,269.33,TDR_NY_TECH01,1.19,,In Tolerance,N/A,0
122,2026-04-21,8,BAC,Equity,Financials,53.48,52.75,TDR_NY_FIN01,-1.36,,In Tolerance,N/A,0
123,2026-04-21,3,GOOGL,Equity,Technology,332.29,339.28,TDR_NY_TECH02,2.1,,In Tolerance,N/A,0
124,2026-04-21,5,GS,Equity,Financials,926.55,907.07,TDR_LN_FIN02,-2.1,,In Tolerance,N/A,0
125,2026-04-21,4,JPM,Equity,Financials,313.0,315.76,TDR_NY_FIN01,0.88,,In Tolerance,N/A,0
126,2026-04-21,7,MS,Equity,Financials,189.31,195.53,TDR_NY_FIN01,3.29,4.0,Minor,Open,1
127,2026-04-21,2,MSFT,Equity,Technology,424.16,417.86,TDR_NY_TECH01,-1.49,,In Tolerance,N/A,0
128,2026-04-21,6,UBS,Equity,Financials,43.23,42.86,TDR_LN_FIN02,-0.86,,In Tolerance,N/A,0
129,2026-04-22,1,AAPL,Equity,Technology,273.17,273.58,TDR_NY_TECH01,0.15,,In Tolerance,N/A,0
130,2026-04-22,8,BAC,Equity,Financials,53.12,52.72,TDR_NY_FIN01,-0.75,,In Tolerance,N/A,0
131,2026-04-22,3,GOOGL,Equity,Technology,339.32,331.43,TDR_NY_TECH02,-2.33,,In Tolerance,N/A,0
132,2026-04-22,5,GS,Equity,Financials,934.84,935.8,TDR_LN_FIN02,0.1,,In Tolerance,N/A,0
133,2026-04-22,4,JPM,Equity,Financials,313.02,308.03,TDR_NY_FIN01,-1.59,,In Tolerance,N/A,0
134,2026-04-22,7,MS,Equity,Financials,191.05,192.41,TDR_NY_FIN01,0.71,,In Tolerance,N/A,0
135,2026-04-22,2,MSFT,Equity,Technology,432.92,426.95,TDR_NY_TECH01,-1.38,,In Tolerance,N/A,0
136,2026-04-22,6,UBS,Equity,Financials,42.4,43.39,TDR_LN_FIN02,2.33,,In Tolerance,N/A,0
137,2026-04-23,1,AAPL,Equity,Technology,273.43,270.22,TDR_NY_TECH01,-1.17,,In Tolerance,N/A,0
138,2026-04-23,8,BAC,Equity,Financials,52.47,52.22,TDR_NY_FIN01,-0.48,,In Tolerance,N/A,0
139,2026-04-23,3,GOOGL,Equity,Technology,338.89,343.03,TDR_NY_TECH02,1.22,,In Tolerance,N/A,0
140,2026-04-23,5,GS,Equity,Financials,931.3,914.11,TDR_LN_FIN02,-1.85,,In Tolerance,N/A,0
141,2026-04-23,4,JPM,Equity,Financials,311.69,312.75,TDR_NY_FIN01,0.34,,In Tolerance,N/A,0
142,2026-04-23,7,MS,Equity,Financials,188.65,192.35,TDR_NY_FIN01,1.96,,In Tolerance,N/A,0
143,2026-04-23,2,MSFT,Equity,Technology,415.75,405.73,TDR_NY_TECH01,-2.41,,In Tolerance,N/A,0
144,2026-04-23,6,UBS,Equity,Financials,41.04,44.26,TDR_LN_FIN02,7.85,5.0,Major,Open,1
145,2026-04-24,1,AAPL,Equity,Technology,271.06,272.12,TDR_NY_TECH01,0.39,,In Tolerance,N/A,0
146,2026-04-24,8,BAC,Equity,Financials,52.05,52.66,TDR_NY_FIN01,1.17,,In Tolerance,N/A,0
147,2026-04-24,3,GOOGL,Equity,Technology,344.4,338.01,TDR_NY_TECH02,-1.86,,In Tolerance,N/A,0
148,2026-04-24,5,GS,Equity,Financials,926.91,908.55,TDR_LN_FIN02,-1.98,,In Tolerance,N/A,0
149,2026-04-24,4,JPM,Equity,Financials,308.28,310.69,TDR_NY_FIN01,0.78,,In Tolerance,N/A,0
150,2026-04-24,7,MS,Equity,Financials,188.07,188.91,TDR_NY_FIN01,0.45,,In Tolerance,N/A,0
151,2026-04-24,2,MSFT,Equity,Technology,424.62,426.22,TDR_NY_TECH01,0.38,,In Tolerance,N/A,0
152,2026-04-24,6,UBS,Equity,Financials,41.41,41.63,TDR_LN_FIN02,0.53,,In Tolerance,N/A,0
153,2026-04-27,1,AAPL,Equity,Technology,267.61,264.88,TDR_NY_TECH01,-1.02,,In Tolerance,N/A,0
154,2026-04-27,8,BAC,Equity,Financials,52.63,52.81,TDR_NY_FIN01,0.34,,In Tolerance,N/A,0
155,2026-04-27,3,GOOGL,Equity,Technology,350.34,351.88,TDR_NY_TECH02,0.44,,In Tolerance,N/A,0
156,2026-04-27,5,GS,Equity,Financials,937.81,927.76,TDR_LN_FIN02,-1.07,,In Tolerance,N/A,0
157,2026-04-27,4,JPM,Equity,Financials,311.63,320.35,TDR_NY_FIN01,2.8,,In Tolerance,N/A,0
158,2026-04-27,7,MS,Equity,Financials,190.18,191.53,TDR_NY_FIN01,0.71,,In Tolerance,N/A,0
159,2026-04-27,2,MSFT,Equity,Technology,424.82,417.23,TDR_NY_TECH01,-1.79,,In Tolerance,N/A,0
160,2026-04-27,6,UBS,Equity,Financials,42.17,42.59,TDR_LN_FIN02,1.0,,In Tolerance,N/A,0
161,2026-04-28,1,AAPL,Equity,Technology,270.71,266.75,TDR_NY_TECH01,-1.46,,In Tolerance,N/A,0
162,2026-04-28,8,BAC,Equity,Financials,52.66,53.28,TDR_NY_FIN01,1.18,,In Tolerance,N/A,0
163,2026-04-28,3,GOOGL,Equity,Technology,349.78,355.86,TDR_NY_TECH02,1.74,,In Tolerance,N/A,0
164,2026-04-28,5,GS,Equity,Financials,926.55,915.14,TDR_LN_FIN02,-1.23,,In Tolerance,N/A,0
165,2026-04-28,4,JPM,Equity,Financials,311.45,315.95,TDR_NY_FIN01,1.44,,In Tolerance,N/A,0
166,2026-04-28,7,MS,Equity,Financials,190.36,191.54,TDR_NY_FIN01,0.62,,In Tolerance,N/A,0
167,2026-04-28,2,MSFT,Equity,Technology,429.25,434.54,TDR_NY_TECH01,1.23,,In Tolerance,N/A,0
168,2026-04-28,6,UBS,Equity,Financials,42.1,43.3,TDR_LN_FIN02,2.85,,In Tolerance,N/A,0
169,2026-04-29,1,AAPL,Equity,Technology,270.17,269.18,TDR_NY_TECH01,-0.37,,In Tolerance,N/A,0
170,2026-04-29,8,BAC,Equity,Financials,52.88,52.28,TDR_NY_FIN01,-1.13,,In Tolerance,N/A,0
171,2026-04-29,3,GOOGL,Equity,Technology,349.94,345.27,TDR_NY_TECH02,-1.33,,In Tolerance,N/A,0
172,2026-04-29,5,GS,Equity,Financials,905.6,894.52,TDR_LN_FIN02,-1.22,,In Tolerance,N/A,0
173,2026-04-29,4,JPM,Equity,Financials,309.25,308.89,TDR_NY_FIN01,-0.12,,In Tolerance,N/A,0
174,2026-04-29,7,MS,Equity,Financials,187.08,188.04,TDR_NY_FIN01,0.51,,In Tolerance,N/A,0
175,2026-04-29,2,MSFT,Equity,Technology,424.46,426.22,TDR_NY_TECH01,0.41,,In Tolerance,N/A,0
176,2026-04-29,6,UBS,Equity,Financials,42.72,43.25,TDR_LN_FIN02,1.24,,In Tolerance,N/A,0
177,2026-04-30,1,AAPL,Equity,Technology,271.35,271.4,TDR_NY_TECH01,0.02,,In Tolerance,N/A,0
178,2026-04-30,8,BAC,Equity,Financials,53.46,54.63,TDR_NY_FIN01,2.19,,In Tolerance,N/A,0
179,2026-04-30,3,GOOGL,Equity,Technology,384.8,383.27,TDR_NY_TECH02,-0.4,,In Tolerance,N/A,0
180,2026-04-30,5,GS,Equity,Financials,923.77,961.46,TDR_LN_FIN02,4.08,6.0,Minor,Open,1
181,2026-04-30,4,JPM,Equity,Financials,313.23,292.36,TDR_NY_FIN01,-6.66,7.0,Major,Open,1
182,2026-04-30,7,MS,Equity,Financials,190.59,188.14,TDR_NY_FIN01,-1.29,,In Tolerance,N/A,0
183,2026-04-30,2,MSFT,Equity,Technology,407.78,401.23,TDR_NY_TECH01,-1.61,,In Tolerance,N/A,0
184,2026-04-30,6,UBS,Equity,Financials,43.9,47.14,TDR_LN_FIN02,7.38,8.0,Major,Open,1
185,2026-05-01,1,AAPL,Equity,Technology,280.14,279.2,TDR_NY_TECH01,-0.34,,In Tolerance,N/A,0
186,2026-05-01,8,BAC,Equity,Financials,53.24,53.81,TDR_NY_FIN01,1.07,,In Tolerance,N/A,0
187,2026-05-01,3,GOOGL,Equity,Technology,385.69,388.43,TDR_NY_TECH02,0.71,,In Tolerance,N/A,0
188,2026-05-01,5,GS,Equity,Financials,923.71,922.7,TDR_LN_FIN02,-0.11,,In Tolerance,N/A,0
189,2026-05-01,4,JPM,Equity,Financials,312.47,308.5,TDR_NY_FIN01,-1.27,,In Tolerance,N/A,0
190,2026-05-01,7,MS,Equity,Financials,190.17,185.85,TDR_NY_FIN01,-2.27,,In Tolerance,N/A,0
191,2026-05-01,2,MSFT,Equity,Technology,414.44,411.66,TDR_NY_TECH01,-0.67,,In Tolerance,N/A,0
192,2026-05-01,6,UBS,Equity,Financials,43.69,47.01,TDR_LN_FIN02,7.6,9.0,Major,Open,1
193,2026-05-04,1,AAPL,Equity,Technology,276.83,277.72,TDR_NY_TECH01,0.32,,In Tolerance,N/A,0
194,2026-05-04,8,BAC,Equity,Financials,52.19,51.21,TDR_NY_FIN01,-1.88,,In Tolerance,N/A,0
195,2026-05-04,3,GOOGL,Equity,Technology,383.25,384.25,TDR_NY_TECH02,0.26,,In Tolerance,N/A,0
196,2026-05-04,5,GS,Equity,Financials,903.27,908.49,TDR_LN_FIN02,0.58,,In Tolerance,N/A,0
197,2026-05-04,4,JPM,Equity,Financials,307.65,303.57,TDR_NY_FIN01,-1.33,,In Tolerance,N/A,0
198,2026-05-04,7,MS,Equity,Financials,188.01,188.44,TDR_NY_FIN01,0.23,,In Tolerance,N/A,0
199,2026-05-04,2,MSFT,Equity,Technology,413.62,413.98,TDR_NY_TECH01,0.09,,In Tolerance,N/A,0
200,2026-05-04,6,UBS,Equity,Financials,43.36,42.62,TDR_LN_FIN02,-1.71,,In Tolerance,N/A,0
201,2026-05-05,1,AAPL,Equity,Technology,284.18,285.71,TDR_NY_TECH01,0.54,,In Tolerance,N/A,0
202,2026-05-05,8,BAC,Equity,Financials,53.12,53.57,TDR_NY_FIN01,0.85,,In Tolerance,N/A,0
203,2026-05-05,3,GOOGL,Equity,Technology,388.43,394.74,TDR_NY_TECH02,1.62,,In Tolerance,N/A,0
204,2026-05-05,5,GS,Equity,Financials,918.89,933.41,TDR_LN_FIN02,1.58,,In Tolerance,N/A,0
205,2026-05-05,4,JPM,Equity,Financials,309.4,303.01,TDR_NY_FIN01,-2.07,,In Tolerance,N/A,0
206,2026-05-05,7,MS,Equity,Financials,189.25,186.59,TDR_NY_FIN01,-1.41,,In Tolerance,N/A,0
207,2026-05-05,2,MSFT,Equity,Technology,411.38,414.56,TDR_NY_TECH01,0.77,,In Tolerance,N/A,0
208,2026-05-05,6,UBS,Equity,Financials,44.1,44.44,TDR_LN_FIN02,0.77,,In Tolerance,N/A,0
209,2026-05-06,1,AAPL,Equity,Technology,287.51,289.73,TDR_NY_TECH01,0.77,,In Tolerance,N/A,0
210,2026-05-06,8,BAC,Equity,Financials,53.6,56.7,TDR_NY_FIN01,5.78,10.0,Major,Open,1
211,2026-05-06,3,GOOGL,Equity,Technology,398.04,401.45,TDR_NY_TECH02,0.86,,In Tolerance,N/A,0
212,2026-05-06,5,GS,Equity,Financials,937.35,953.32,TDR_LN_FIN02,1.7,,In Tolerance,N/A,0
213,2026-05-06,4,JPM,Equity,Financials,314.9,319.41,TDR_NY_FIN01,1.43,,In Tolerance,N/A,0
214,2026-05-06,7,MS,Equity,Financials,193.35,195.24,TDR_NY_FIN01,0.98,,In Tolerance,N/A,0
215,2026-05-06,2,MSFT,Equity,Technology,413.96,412.0,TDR_NY_TECH01,-0.47,,In Tolerance,N/A,0
216,2026-05-06,6,UBS,Equity,Financials,45.21,45.72,TDR_LN_FIN02,1.13,,In Tolerance,N/A,0
217,2026-05-07,1,AAPL,Equity,Technology,287.44,284.11,TDR_NY_TECH01,-1.16,,In Tolerance,N/A,0
218,2026-05-07,8,BAC,Equity,Financials,52.75,52.56,TDR_NY_FIN01,-0.36,,In Tolerance,N/A,0
219,2026-05-07,3,GOOGL,Equity,Technology,397.99,395.09,TDR_NY_TECH02,-0.73,,In Tolerance,N/A,0
220,2026-05-07,5,GS,Equity,Financials,925.87,927.01,TDR_LN_FIN02,0.12,,In Tolerance,N/A,0
221,2026-05-07,4,JPM,Equity,Financials,306.27,316.9,TDR_NY_FIN01,3.47,11.0,Minor,Open,1
222,2026-05-07,7,MS,Equity,Financials,190.17,184.84,TDR_NY_FIN01,-2.8,,In Tolerance,N/A,0
223,2026-05-07,2,MSFT,Equity,Technology,420.77,425.1,TDR_NY_TECH01,1.03,,In Tolerance,N/A,0
224,2026-05-07,6,UBS,Equity,Financials,44.41,43.34,TDR_LN_FIN02,-2.41,,In Tolerance,N/A,0
225,2026-05-08,1,AAPL,Equity,Technology,293.32,291.24,TDR_NY_TECH01,-0.71,,In Tolerance,N/A,0
226,2026-05-08,8,BAC,Equity,Financials,51.31,52.15,TDR_NY_FIN01,1.64,,In Tolerance,N/A,0
227,2026-05-08,3,GOOGL,Equity,Technology,400.8,401.19,TDR_NY_TECH02,0.1,,In Tolerance,N/A,0
228,2026-05-08,5,GS,Equity,Financials,936.48,921.34,TDR_LN_FIN02,-1.62,,In Tolerance,N/A,0
229,2026-05-08,4,JPM,Equity,Financials,302.1,298.86,TDR_NY_FIN01,-1.07,,In Tolerance,N/A,0
230,2026-05-08,7,MS,Equity,Financials,193.09,195.06,TDR_NY_FIN01,1.02,,In Tolerance,N/A,0
231,2026-05-08,2,MSFT,Equity,Technology,415.12,410.57,TDR_NY_TECH01,-1.1,,In Tolerance,N/A,0
232,2026-05-08,6,UBS,Equity,Financials,45.23,45.38,TDR_LN_FIN02,0.33,,In Tolerance,N/A,0
233,2026-05-11,1,AAPL,Equity,Technology,292.68,292.88,TDR_NY_TECH01,0.07,,In Tolerance,N/A,0
234,2026-05-11,8,BAC,Equity,Financials,50.55,50.06,TDR_NY_FIN01,-0.97,,In Tolerance,N/A,0
235,2026-05-11,3,GOOGL,Equity,Technology,388.64,401.14,TDR_NY_TECH02,3.22,12.0,Minor,Open,1
236,2026-05-11,5,GS,Equity,Financials,944.86,953.84,TDR_LN_FIN02,0.95,,In Tolerance,N/A,0
237,2026-05-11,4,JPM,Equity,Financials,300.0,290.89,TDR_NY_FIN01,-3.04,13.0,Minor,Open,1
238,2026-05-11,7,MS,Equity,Financials,191.1,191.63,TDR_NY_FIN01,0.28,,In Tolerance,N/A,0
239,2026-05-11,2,MSFT,Equity,Technology,412.66,408.56,TDR_NY_TECH01,-0.99,,In Tolerance,N/A,0
240,2026-05-11,6,UBS,Equity,Financials,44.84,45.41,TDR_LN_FIN02,1.27,,In Tolerance,N/A,0
241,2026-05-12,1,AAPL,Equity,Technology,294.8,291.3,TDR_NY_TECH01,-1.19,,In Tolerance,N/A,0
242,2026-05-12,8,BAC,Equity,Financials,50.78,50.69,TDR_NY_FIN01,-0.18,,In Tolerance,N/A,0
243,2026-05-12,3,GOOGL,Equity,Technology,387.35,390.28,TDR_NY_TECH02,0.76,,In Tolerance,N/A,0
244,2026-05-12,5,GS,Equity,Financials,945.9,958.18,TDR_LN_FIN02,1.3,,In Tolerance,N/A,0
245,2026-05-12,4,JPM,Equity,Financials,304.88,326.0,TDR_NY_FIN01,6.93,14.0,Major,Open,1
246,2026-05-12,7,MS,Equity,Financials,191.88,190.92,TDR_NY_FIN01,-0.5,,In Tolerance,N/A,0
247,2026-05-12,2,MSFT,Equity,Technology,407.77,404.86,TDR_NY_TECH01,-0.71,,In Tolerance,N/A,0
248,2026-05-12,6,UBS,Equity,Financials,45.15,44.71,TDR_LN_FIN02,-0.97,,In Tolerance,N/A,0
249,2026-05-13,1,AAPL,Equity,Technology,298.87,306.78,TDR_NY_TECH01,2.65,,In Tolerance,N/A,0
250,2026-05-13,8,BAC,Equity,Financials,49.84,50.14,TDR_NY_FIN01,0.6,,In Tolerance,N/A,0
251,2026-05-13,3,GOOGL,Equity,Technology,402.62,395.01,TDR_NY_TECH02,-1.89,,In Tolerance,N/A,0
252,2026-05-13,5,GS,Equity,Financials,955.42,968.57,TDR_LN_FIN02,1.38,,In Tolerance,N/A,0
253,2026-05-13,4,JPM,Equity,Financials,300.25,309.81,TDR_NY_FIN01,3.18,15.0,Minor,Open,1
254,2026-05-13,7,MS,Equity,Financials,193.83,196.83,TDR_NY_FIN01,1.55,,In Tolerance,N/A,0
255,2026-05-13,2,MSFT,Equity,Technology,405.21,395.98,TDR_NY_TECH01,-2.28,,In Tolerance,N/A,0
256,2026-05-13,6,UBS,Equity,Financials,46.28,45.94,TDR_LN_FIN02,-0.73,,In Tolerance,N/A,0
257,2026-05-14,1,AAPL,Equity,Technology,298.21,303.88,TDR_NY_TECH01,1.9,,In Tolerance,N/A,0
258,2026-05-14,8,BAC,Equity,Financials,49.85,49.32,TDR_NY_FIN01,-1.06,,In Tolerance,N/A,0
259,2026-05-14,3,GOOGL,Equity,Technology,401.07,403.74,TDR_NY_TECH02,0.67,,In Tolerance,N/A,0
260,2026-05-14,5,GS,Equity,Financials,968.96,980.22,TDR_LN_FIN02,1.16,,In Tolerance,N/A,0
261,2026-05-14,4,JPM,Equity,Financials,299.91,295.74,TDR_NY_FIN01,-1.39,,In Tolerance,N/A,0
262,2026-05-14,7,MS,Equity,Financials,194.53,194.36,TDR_NY_FIN01,-0.09,,In Tolerance,N/A,0
263,2026-05-14,2,MSFT,Equity,Technology,409.43,389.52,TDR_NY_TECH01,-4.86,16.0,Minor,Open,1
264,2026-05-14,6,UBS,Equity,Financials,46.35,45.64,TDR_LN_FIN02,-1.53,,In Tolerance,N/A,0
265,2026-05-15,1,AAPL,Equity,Technology,300.23,299.09,TDR_NY_TECH01,-0.38,,In Tolerance,N/A,0
266,2026-05-15,8,BAC,Equity,Financials,49.77,48.84,TDR_NY_FIN01,-1.87,,In Tolerance,N/A,0
267,2026-05-15,3,GOOGL,Equity,Technology,396.78,406.5,TDR_NY_TECH02,2.45,,In Tolerance,N/A,0
268,2026-05-15,5,GS,Equity,Financials,948.47,928.12,TDR_LN_FIN02,-2.15,,In Tolerance,N/A,0
269,2026-05-15,4,JPM,Equity,Financials,297.81,295.84,TDR_NY_FIN01,-0.66,,In Tolerance,N/A,0
270,2026-05-15,7,MS,Equity,Financials,192.51,192.89,TDR_NY_FIN01,0.2,,In Tolerance,N/A,0
271,2026-05-15,2,MSFT,Equity,Technology,421.92,431.04,TDR_NY_TECH01,2.16,,In Tolerance,N/A,0
272,2026-05-15,6,UBS,Equity,Financials,45.54,44.56,TDR_LN_FIN02,-2.15,,In Tolerance,N/A,0
273,2026-05-18,1,AAPL,Equity,Technology,297.84,303.04,TDR_NY_TECH01,1.75,,In Tolerance,N/A,0
274,2026-05-18,8,BAC,Equity,Financials,50.69,50.7,TDR_NY_FIN01,0.02,,In Tolerance,N/A,0
275,2026-05-18,3,GOOGL,Equity,Technology,396.94,391.1,TDR_NY_TECH02,-1.47,,In Tolerance,N/A,0
276,2026-05-18,5,GS,Equity,Financials,946.36,952.92,TDR_LN_FIN02,0.69,,In Tolerance,N/A,0
277,2026-05-18,4,JPM,Equity,Financials,300.73,301.63,TDR_NY_FIN01,0.3,,In Tolerance,N/A,0
278,2026-05-18,7,MS,Equity,Financials,192.69,190.96,TDR_NY_FIN01,-0.9,,In Tolerance,N/A,0
279,2026-05-18,2,MSFT,Equity,Technology,423.54,423.98,TDR_NY_TECH01,0.1,,In Tolerance,N/A,0
280,2026-05-18,6,UBS,Equity,Financials,46.29,46.02,TDR_LN_FIN02,-0.58,,In Tolerance,N/A,0
281,2026-05-19,1,AAPL,Equity,Technology,298.97,299.48,TDR_NY_TECH01,0.17,,In Tolerance,N/A,0
282,2026-05-19,8,BAC,Equity,Financials,50.7,51.2,TDR_NY_FIN01,0.99,,In Tolerance,N/A,0
283,2026-05-19,3,GOOGL,Equity,Technology,387.66,396.88,TDR_NY_TECH02,2.38,,In Tolerance,N/A,0
284,2026-05-19,5,GS,Equity,Financials,928.74,911.5,TDR_LN_FIN02,-1.86,,In Tolerance,N/A,0
285,2026-05-19,4,JPM,Equity,Financials,295.7,305.16,TDR_NY_FIN01,3.2,17.0,Minor,Open,1
286,2026-05-19,7,MS,Equity,Financials,189.58,184.03,TDR_NY_FIN01,-2.93,,In Tolerance,N/A,0
287,2026-05-19,2,MSFT,Equity,Technology,417.42,416.47,TDR_NY_TECH01,-0.23,,In Tolerance,N/A,0
288,2026-05-19,6,UBS,Equity,Financials,45.56,45.96,TDR_LN_FIN02,0.88,,In Tolerance,N/A,0
289,2026-05-20,1,AAPL,Equity,Technology,302.25,321.63,TDR_NY_TECH01,6.41,18.0,Major,Open,1
290,2026-05-20,8,BAC,Equity,Financials,51.23,50.75,TDR_NY_FIN01,-0.94,,In Tolerance,N/A,0
291,2026-05-20,3,GOOGL,Equity,Technology,388.91,387.7,TDR_NY_TECH02,-0.31,,In Tolerance,N/A,0
292,2026-05-20,5,GS,Equity,Financials,982.12,974.86,TDR_LN_FIN02,-0.74,,In Tolerance,N/A,0
293,2026-05-20,4,JPM,Equity,Financials,301.98,299.31,TDR_NY_FIN01,-0.88,,In Tolerance,N/A,0
294,2026-05-20,7,MS,Equity,Financials,197.77,200.29,TDR_NY_FIN01,1.27,,In Tolerance,N/A,0
295,2026-05-20,2,MSFT,Equity,Technology,421.06,423.31,TDR_NY_TECH01,0.53,,In Tolerance,N/A,0
296,2026-05-20,6,UBS,Equity,Financials,47.27,46.78,TDR_LN_FIN02,-1.04,,In Tolerance,N/A,0
297,2026-05-21,1,AAPL,Equity,Technology,304.99,309.11,TDR_NY_TECH01,1.35,,In Tolerance,N/A,0
298,2026-05-21,8,BAC,Equity,Financials,51.49,51.73,TDR_NY_FIN01,0.47,,In Tolerance,N/A,0
299,2026-05-21,3,GOOGL,Equity,Technology,387.66,392.39,TDR_NY_TECH02,1.22,,In Tolerance,N/A,0
300,2026-05-21,5,GS,Equity,Financials,988.17,997.5,TDR_LN_FIN02,0.94,,In Tolerance,N/A,0
301,2026-05-21,4,JPM,Equity,Financials,303.0,299.23,TDR_NY_FIN01,-1.24,,In Tolerance,N/A,0
302,2026-05-21,7,MS,Equity,Financials,200.51,198.83,TDR_NY_FIN01,-0.84,,In Tolerance,N/A,0
303,2026-05-21,2,MSFT,Equity,Technology,419.09,423.79,TDR_NY_TECH01,1.12,,In Tolerance,N/A,0
304,2026-05-21,6,UBS,Equity,Financials,47.57,48.01,TDR_LN_FIN02,0.92,,In Tolerance,N/A,0
305,2026-05-22,1,AAPL,Equity,Technology,308.82,308.72,TDR_NY_TECH01,-0.03,,In Tolerance,N/A,0
306,2026-05-22,8,BAC,Equity,Financials,51.8,51.89,TDR_NY_FIN01,0.17,,In Tolerance,N/A,0
307,2026-05-22,3,GOOGL,Equity,Technology,382.97,390.31,TDR_NY_TECH02,1.92,,In Tolerance,N/A,0
308,2026-05-22,5,GS,Equity,Financials,996.73,987.89,TDR_LN_FIN02,-0.89,,In Tolerance,N/A,0
309,2026-05-22,4,JPM,Equity,Financials,306.38,308.89,TDR_NY_FIN01,0.82,,In Tolerance,N/A,0
310,2026-05-22,7,MS,Equity,Financials,201.03,200.42,TDR_NY_FIN01,-0.3,,In Tolerance,N/A,0
311,2026-05-22,2,MSFT,Equity,Technology,418.57,417.2,TDR_NY_TECH01,-0.33,,In Tolerance,N/A,0
312,2026-05-22,6,UBS,Equity,Financials,46.96,47.73,TDR_LN_FIN02,1.64,,In Tolerance,N/A,0
313,2026-05-26,1,AAPL,Equity,Technology,308.33,312.15,TDR_NY_TECH01,1.24,,In Tolerance,N/A,0
314,2026-05-26,8,BAC,Equity,Financials,52.2,52.84,TDR_NY_FIN01,1.23,,In Tolerance,N/A,0
315,2026-05-26,3,GOOGL,Equity,Technology,388.88,396.5,TDR_NY_TECH02,1.96,,In Tolerance,N/A,0
316,2026-05-26,5,GS,Equity,Financials,994.52,994.83,TDR_LN_FIN02,0.03,,In Tolerance,N/A,0
317,2026-05-26,4,JPM,Equity,Financials,306.74,309.88,TDR_NY_FIN01,1.02,,In Tolerance,N/A,0
318,2026-05-26,7,MS,Equity,Financials,201.76,200.82,TDR_NY_FIN01,-0.47,,In Tolerance,N/A,0
319,2026-05-26,2,MSFT,Equity,Technology,416.03,418.05,TDR_NY_TECH01,0.49,,In Tolerance,N/A,0
320,2026-05-26,6,UBS,Equity,Financials,47.78,47.69,TDR_LN_FIN02,-0.19,,In Tolerance,N/A,0
321,2026-05-27,1,AAPL,Equity,Technology,310.85,311.3,TDR_NY_TECH01,0.14,,In Tolerance,N/A,0
322,2026-05-27,8,BAC,Equity,Financials,51.1,51.56,TDR_NY_FIN01,0.9,,In Tolerance,N/A,0
323,2026-05-27,3,GOOGL,Equity,Technology,388.83,384.06,TDR_NY_TECH02,-1.23,,In Tolerance,N/A,0
324,2026-05-27,5,GS,Equity,Financials,996.47,1027.75,TDR_LN_FIN02,3.14,19.0,Minor,Open,1
325,2026-05-27,4,JPM,Equity,Financials,299.28,294.76,TDR_NY_FIN01,-1.51,,In Tolerance,N/A,0
326,2026-05-27,7,MS,Equity,Financials,201.61,197.94,TDR_NY_FIN01,-1.82,,In Tolerance,N/A,0
327,2026-05-27,2,MSFT,Equity,Technology,412.67,419.84,TDR_NY_TECH01,1.74,,In Tolerance,N/A,0
328,2026-05-27,6,UBS,Equity,Financials,47.16,47.72,TDR_LN_FIN02,1.19,,In Tolerance,N/A,0
329,2026-05-28,1,AAPL,Equity,Technology,312.51,315.44,TDR_NY_TECH01,0.94,,In Tolerance,N/A,0
330,2026-05-28,8,BAC,Equity,Financials,50.77,51.25,TDR_NY_FIN01,0.95,,In Tolerance,N/A,0
331,2026-05-28,3,GOOGL,Equity,Technology,390.13,390.06,TDR_NY_TECH02,-0.02,,In Tolerance,N/A,0
332,2026-05-28,5,GS,Equity,Financials,1008.37,994.8,TDR_LN_FIN02,-1.35,,In Tolerance,N/A,0
333,2026-05-28,4,JPM,Equity,Financials,296.73,297.07,TDR_NY_FIN01,0.11,,In Tolerance,N/A,0
334,2026-05-28,7,MS,Equity,Financials,203.79,201.72,TDR_NY_FIN01,-1.02,,In Tolerance,N/A,0
335,2026-05-28,2,MSFT,Equity,Technology,426.99,433.24,TDR_NY_TECH01,1.46,,In Tolerance,N/A,0
336,2026-05-28,6,UBS,Equity,Financials,46.84,46.74,TDR_LN_FIN02,-0.21,,In Tolerance,N/A,0
337,2026-05-29,1,AAPL,Equity,Technology,312.06,308.2,TDR_NY_TECH01,-1.24,,In Tolerance,N/A,0
338,2026-05-29,8,BAC,Equity,Financials,51.6,51.35,TDR_NY_FIN01,-0.48,,In Tolerance,N/A,0
339,2026-05-29,3,GOOGL,Equity,Technology,380.34,382.7,TDR_NY_TECH02,0.62,,In Tolerance,N/A,0
340,2026-05-29,5,GS,Equity,Financials,1025.56,1016.89,TDR_LN_FIN02,-0.85,,In Tolerance,N/A,0
341,2026-05-29,4,JPM,Equity,Financials,299.31,295.62,TDR_NY_FIN01,-1.23,,In Tolerance,N/A,0
342,2026-05-29,7,MS,Equity,Financials,208.0,208.76,TDR_NY_FIN01,0.37,,In Tolerance,N/A,0
343,2026-05-29,2,MSFT,Equity,Technology,450.24,451.89,TDR_NY_TECH01,0.37,,In Tolerance,N/A,0
344,2026-05-29,6,UBS,Equity,Financials,47.08,46.72,TDR_LN_FIN02,-0.76,,In Tolerance,N/A,0
345,2026-06-01,1,AAPL,Equity,Technology,306.31,304.15,TDR_NY_TECH01,-0.71,,In Tolerance,N/A,0
346,2026-06-01,8,BAC,Equity,Financials,51.51,51.69,TDR_NY_FIN01,0.35,,In Tolerance,N/A,0
347,2026-06-01,3,GOOGL,Equity,Technology,376.37,368.19,TDR_NY_TECH02,-2.17,,In Tolerance,N/A,0
348,2026-06-01,5,GS,Equity,Financials,1048.58,1026.44,TDR_LN_FIN02,-2.11,,In Tolerance,N/A,0
349,2026-06-01,4,JPM,Equity,Financials,296.58,293.38,TDR_NY_FIN01,-1.08,,In Tolerance,N/A,0
350,2026-06-01,7,MS,Equity,Financials,211.01,210.33,TDR_NY_FIN01,-0.32,,In Tolerance,N/A,0
351,2026-06-01,2,MSFT,Equity,Technology,460.52,462.67,TDR_NY_TECH01,0.47,,In Tolerance,N/A,0
352,2026-06-01,6,UBS,Equity,Financials,47.99,49.05,TDR_LN_FIN02,2.21,,In Tolerance,N/A,0
353,2026-06-02,1,AAPL,Equity,Technology,315.2,319.26,TDR_NY_TECH01,1.29,,In Tolerance,N/A,0
354,2026-06-02,8,BAC,Equity,Financials,52.48,52.35,TDR_NY_FIN01,-0.25,,In Tolerance,N/A,0
355,2026-06-02,3,GOOGL,Equity,Technology,361.85,361.75,TDR_NY_TECH02,-0.03,,In Tolerance,N/A,0
356,2026-06-02,5,GS,Equity,Financials,1064.58,1048.57,TDR_LN_FIN02,-1.5,,In Tolerance,N/A,0
357,2026-06-02,4,JPM,Equity,Financials,300.96,300.88,TDR_NY_FIN01,-0.03,,In Tolerance,N/A,0
358,2026-06-02,7,MS,Equity,Financials,214.98,214.05,TDR_NY_FIN01,-0.43,,In Tolerance,N/A,0
359,2026-06-02,2,MSFT,Equity,Technology,441.31,443.45,TDR_NY_TECH01,0.48,,In Tolerance,N/A,0
360,2026-06-02,6,UBS,Equity,Financials,48.16,47.56,TDR_LN_FIN02,-1.25,,In Tolerance,N/A,0
361,2026-06-03,1,AAPL,Equity,Technology,310.26,312.68,TDR_NY_TECH01,0.78,,In Tolerance,N/A,0
362,2026-06-03,8,BAC,Equity,Financials,52.4,53.6,TDR_NY_FIN01,2.29,,In Tolerance,N/A,0
363,2026-06-03,3,GOOGL,Equity,Technology,358.99,358.4,TDR_NY_TECH02,-0.16,,In Tolerance,N/A,0
364,2026-06-03,5,GS,Equity,Financials,1041.02,1047.29,TDR_LN_FIN02,0.6,,In Tolerance,N/A,0
365,2026-06-03,4,JPM,Equity,Financials,300.85,303.96,TDR_NY_FIN01,1.03,,In Tolerance,N/A,0
366,2026-06-03,7,MS,Equity,Financials,210.14,208.88,TDR_NY_FIN01,-0.6,,In Tolerance,N/A,0
367,2026-06-03,2,MSFT,Equity,Technology,427.34,428.78,TDR_NY_TECH01,0.34,,In Tolerance,N/A,0
368,2026-06-03,6,UBS,Equity,Financials,47.32,47.33,TDR_LN_FIN02,0.02,,In Tolerance,N/A,0
369,2026-06-04,1,AAPL,Equity,Technology,311.23,311.69,TDR_NY_TECH01,0.15,,In Tolerance,N/A,0
370,2026-06-04,8,BAC,Equity,Financials,54.17,53.54,TDR_NY_FIN01,-1.16,,In Tolerance,N/A,0
371,2026-06-04,3,GOOGL,Equity,Technology,372.19,372.33,TDR_NY_TECH02,0.04,,In Tolerance,N/A,0
372,2026-06-04,5,GS,Equity,Financials,1092.61,1100.77,TDR_LN_FIN02,0.75,,In Tolerance,N/A,0
373,2026-06-04,4,JPM,Equity,Financials,310.89,317.66,TDR_NY_FIN01,2.18,,In Tolerance,N/A,0
374,2026-06-04,7,MS,Equity,Financials,218.27,221.41,TDR_NY_FIN01,1.44,,In Tolerance,N/A,0
375,2026-06-04,2,MSFT,Equity,Technology,428.05,441.88,TDR_NY_TECH01,3.23,20.0,Minor,Open,1
376,2026-06-04,6,UBS,Equity,Financials,47.67,47.12,TDR_LN_FIN02,-1.15,,In Tolerance,N/A,0
377,2026-06-05,1,AAPL,Equity,Technology,307.34,311.36,TDR_NY_TECH01,1.31,,In Tolerance,N/A,0
378,2026-06-05,8,BAC,Equity,Financials,53.83,53.98,TDR_NY_FIN01,0.28,,In Tolerance,N/A,0
379,2026-06-05,3,GOOGL,Equity,Technology,368.53,380.64,TDR_NY_TECH02,3.29,21.0,Minor,Open,1
380,2026-06-05,5,GS,Equity,Financials,1038.68,1026.09,TDR_LN_FIN02,-1.21,,In Tolerance,N/A,0
381,2026-06-05,4,JPM,Equity,Financials,312.37,308.44,TDR_NY_FIN01,-1.26,,In Tolerance,N/A,0
382,2026-06-05,7,MS,Equity,Financials,211.93,210.02,TDR_NY_FIN01,-0.9,,In Tolerance,N/A,0
383,2026-06-05,2,MSFT,Equity,Technology,416.67,403.4,TDR_NY_TECH01,-3.18,22.0,Minor,Open,1
384,2026-06-05,6,UBS,Equity,Financials,47.01,46.64,TDR_LN_FIN02,-0.79,,In Tolerance,N/A,0
385,2026-06-08,1,AAPL,Equity,Technology,301.54,298.11,TDR_NY_TECH01,-1.14,,In Tolerance,N/A,0
386,2026-06-08,8,BAC,Equity,Financials,53.63,53.75,TDR_NY_FIN01,0.22,,In Tolerance,N/A,0
387,2026-06-08,3,GOOGL,Equity,Technology,363.31,365.17,TDR_NY_TECH02,0.51,,In Tolerance,N/A,0
388,2026-06-08,5,GS,Equity,Financials,1045.0,1074.41,TDR_LN_FIN02,2.81,,In Tolerance,N/A,0
389,2026-06-08,4,JPM,Equity,Financials,311.11,315.55,TDR_NY_FIN01,1.43,,In Tolerance,N/A,0
390,2026-06-08,7,MS,Equity,Financials,212.24,210.4,TDR_NY_FIN01,-0.87,,In Tolerance,N/A,0
391,2026-06-08,2,MSFT,Equity,Technology,411.74,406.19,TDR_NY_TECH01,-1.35,,In Tolerance,N/A,0
392,2026-06-08,6,UBS,Equity,Financials,47.29,47.64,TDR_LN_FIN02,0.74,,In Tolerance,N/A,0
393,2026-06-09,1,AAPL,Equity,Technology,290.55,284.8,TDR_NY_TECH01,-1.98,,In Tolerance,N/A,0
394,2026-06-09,8,BAC,Equity,Financials,54.42,55.92,TDR_NY_FIN01,2.76,,In Tolerance,N/A,0
395,2026-06-09,3,GOOGL,Equity,Technology,364.26,370.7,TDR_NY_TECH02,1.77,,In Tolerance,N/A,0
396,2026-06-09,5,GS,Equity,Financials,1032.01,1024.75,TDR_LN_FIN02,-0.7,,In Tolerance,N/A,0
397,2026-06-09,4,JPM,Equity,Financials,312.7,304.66,TDR_NY_FIN01,-2.57,,In Tolerance,N/A,0
398,2026-06-09,7,MS,Equity,Financials,210.25,214.52,TDR_NY_FIN01,2.03,,In Tolerance,N/A,0
399,2026-06-09,2,MSFT,Equity,Technology,403.41,402.72,TDR_NY_TECH01,-0.17,,In Tolerance,N/A,0
400,2026-06-09,6,UBS,Equity,Financials,47.86,48.75,TDR_LN_FIN02,1.86,,In Tolerance,N/A,0
401,2026-06-10,1,AAPL,Equity,Technology,291.58,284.61,TDR_NY_TECH01,-2.39,,In Tolerance,N/A,0
402,2026-06-10,8,BAC,Equity,Financials,54.54,54.05,TDR_NY_FIN01,-0.9,,In Tolerance,N/A,0
403,2026-06-10,3,GOOGL,Equity,Technology,356.38,356.41,TDR_NY_TECH02,0.01,,In Tolerance,N/A,0
404,2026-06-10,5,GS,Equity,Financials,1001.29,1002.0,TDR_LN_FIN02,0.07,,In Tolerance,N/A,0
405,2026-06-10,4,JPM,Equity,Financials,309.14,307.05,TDR_NY_FIN01,-0.68,,In Tolerance,N/A,0
406,2026-06-10,7,MS,Equity,Financials,206.66,208.59,TDR_NY_FIN01,0.93,,In Tolerance,N/A,0
407,2026-06-10,2,MSFT,Equity,Technology,397.36,391.0,TDR_NY_TECH01,-1.6,,In Tolerance,N/A,0
408,2026-06-10,6,UBS,Equity,Financials,46.77,46.67,TDR_LN_FIN02,-0.21,,In Tolerance,N/A,0
409,2026-06-11,1,AAPL,Equity,Technology,295.63,296.16,TDR_NY_TECH01,0.18,,In Tolerance,N/A,0
410,2026-06-11,8,BAC,Equity,Financials,55.16,55.59,TDR_NY_FIN01,0.78,,In Tolerance,N/A,0
411,2026-06-11,3,GOOGL,Equity,Technology,357.77,361.59,TDR_NY_TECH02,1.07,,In Tolerance,N/A,0
412,2026-06-11,5,GS,Equity,Financials,1035.64,1018.17,TDR_LN_FIN02,-1.69,,In Tolerance,N/A,0
413,2026-06-11,4,JPM,Equity,Financials,313.49,306.28,TDR_NY_FIN01,-2.3,,In Tolerance,N/A,0
414,2026-06-11,7,MS,Equity,Financials,212.66,216.74,TDR_NY_FIN01,1.92,,In Tolerance,N/A,0
415,2026-06-11,2,MSFT,Equity,Technology,390.34,392.29,TDR_NY_TECH01,0.5,,In Tolerance,N/A,0
416,2026-06-11,6,UBS,Equity,Financials,48.19,47.65,TDR_LN_FIN02,-1.12,,In Tolerance,N/A,0
417,2026-06-12,1,AAPL,Equity,Technology,291.13,297.9,TDR_NY_TECH01,2.33,,In Tolerance,N/A,0
418,2026-06-12,8,BAC,Equity,Financials,56.02,56.12,TDR_NY_FIN01,0.18,,In Tolerance,N/A,0
419,2026-06-12,3,GOOGL,Equity,Technology,359.68,366.04,TDR_NY_TECH02,1.77,,In Tolerance,N/A,0
420,2026-06-12,5,GS,Equity,Financials,1062.75,1063.83,TDR_LN_FIN02,0.1,,In Tolerance,N/A,0
421,2026-06-12,4,JPM,Equity,Financials,320.72,330.63,TDR_NY_FIN01,3.09,23.0,Minor,Open,1
422,2026-06-12,7,MS,Equity,Financials,214.04,219.68,TDR_NY_FIN01,2.64,,In Tolerance,N/A,0
423,2026-06-12,2,MSFT,Equity,Technology,390.74,389.28,TDR_NY_TECH01,-0.37,,In Tolerance,N/A,0
424,2026-06-12,6,UBS,Equity,Financials,48.97,49.68,TDR_LN_FIN02,1.45,,In Tolerance,N/A,0
425,2026-06-15,1,AAPL,Equity,Technology,296.42,299.29,TDR_NY_TECH01,0.97,,In Tolerance,N/A,0
426,2026-06-15,8,BAC,Equity,Financials,55.87,57.02,TDR_NY_FIN01,2.06,,In Tolerance,N/A,0
427,2026-06-15,3,GOOGL,Equity,Technology,369.35,364.0,TDR_NY_TECH02,-1.45,,In Tolerance,N/A,0
428,2026-06-15,5,GS,Equity,Financials,1076.17,1087.24,TDR_LN_FIN02,1.03,,In Tolerance,N/A,0
429,2026-06-15,4,JPM,Equity,Financials,319.4,324.47,TDR_NY_FIN01,1.59,,In Tolerance,N/A,0
430,2026-06-15,7,MS,Equity,Financials,217.98,212.23,TDR_NY_FIN01,-2.64,,In Tolerance,N/A,0
431,2026-06-15,2,MSFT,Equity,Technology,399.76,392.66,TDR_NY_TECH01,-1.78,,In Tolerance,N/A,0
432,2026-06-15,6,UBS,Equity,Financials,49.55,48.03,TDR_LN_FIN02,-3.07,24.0,Minor,Open,1
433,2026-06-16,1,AAPL,Equity,Technology,299.24,298.03,TDR_NY_TECH01,-0.4,,In Tolerance,N/A,0
434,2026-06-16,8,BAC,Equity,Financials,56.84,57.45,TDR_NY_FIN01,1.07,,In Tolerance,N/A,0
435,2026-06-16,3,GOOGL,Equity,Technology,373.25,381.66,TDR_NY_TECH02,2.25,,In Tolerance,N/A,0
436,2026-06-16,5,GS,Equity,Financials,1090.67,1091.88,TDR_LN_FIN02,0.11,,In Tolerance,N/A,0
437,2026-06-16,4,JPM,Equity,Financials,331.14,339.23,TDR_NY_FIN01,2.44,,In Tolerance,N/A,0
438,2026-06-16,7,MS,Equity,Financials,220.83,216.26,TDR_NY_FIN01,-2.07,,In Tolerance,N/A,0
439,2026-06-16,2,MSFT,Equity,Technology,393.83,383.77,TDR_NY_TECH01,-2.55,,In Tolerance,N/A,0
440,2026-06-16,6,UBS,Equity,Financials,50.46,50.42,TDR_LN_FIN02,-0.08,,In Tolerance,N/A,0
441,2026-06-17,1,AAPL,Equity,Technology,295.95,297.65,TDR_NY_TECH01,0.57,,In Tolerance,N/A,0
442,2026-06-17,8,BAC,Equity,Financials,56.53,56.5,TDR_NY_FIN01,-0.05,,In Tolerance,N/A,0
443,2026-06-17,3,GOOGL,Equity,Technology,363.79,352.51,TDR_NY_TECH02,-3.1,25.0,Minor,Open,1
444,2026-06-17,5,GS,Equity,Financials,1099.14,1097.67,TDR_LN_FIN02,-0.13,,In Tolerance,N/A,0
445,2026-06-17,4,JPM,Equity,Financials,333.46,326.94,TDR_NY_FIN01,-1.96,,In Tolerance,N/A,0
446,2026-06-17,7,MS,Equity,Financials,224.96,227.22,TDR_NY_FIN01,1.0,,In Tolerance,N/A,0
447,2026-06-17,2,MSFT,Equity,Technology,378.91,380.99,TDR_NY_TECH01,0.55,,In Tolerance,N/A,0
448,2026-06-17,6,UBS,Equity,Financials,49.73,45.88,TDR_LN_FIN02,-7.74,26.0,Major,Open,1
449,2026-06-18,1,AAPL,Equity,Technology,298.01,295.71,TDR_NY_TECH01,-0.77,,In Tolerance,N/A,0
450,2026-06-18,8,BAC,Equity,Financials,56.2,55.31,TDR_NY_FIN01,-1.58,,In Tolerance,N/A,0
451,2026-06-18,3,GOOGL,Equity,Technology,368.03,367.68,TDR_NY_TECH02,-0.1,,In Tolerance,N/A,0
452,2026-06-18,5,GS,Equity,Financials,1096.56,1112.27,TDR_LN_FIN02,1.43,,In Tolerance,N/A,0
453,2026-06-18,4,JPM,Equity,Financials,325.22,320.41,TDR_NY_FIN01,-1.48,,In Tolerance,N/A,0
454,2026-06-18,7,MS,Equity,Financials,223.17,224.86,TDR_NY_FIN01,0.76,,In Tolerance,N/A,0
455,2026-06-18,2,MSFT,Equity,Technology,379.4,376.38,TDR_NY_TECH01,-0.8,,In Tolerance,N/A,0
456,2026-06-18,6,UBS,Equity,Financials,50.8,50.2,TDR_LN_FIN02,-1.18,,In Tolerance,N/A,0
457,2026-06-22,1,AAPL,Equity,Technology,297.01,296.53,TDR_NY_TECH01,-0.16,,In Tolerance,N/A,0
458,2026-06-22,8,BAC,Equity,Financials,57.37,56.48,TDR_NY_FIN01,-1.55,,In Tolerance,N/A,0
459,2026-06-22,3,GOOGL,Equity,Technology,349.68,346.78,TDR_NY_TECH02,-0.83,,In Tolerance,N/A,0
460,2026-06-22,5,GS,Equity,Financials,1106.37,1086.49,TDR_LN_FIN02,-1.8,,In Tolerance,N/A,0
461,2026-06-22,4,JPM,Equity,Financials,331.48,341.25,TDR_NY_FIN01,2.95,,In Tolerance,N/A,0
462,2026-06-22,7,MS,Equity,Financials,227.09,227.21,TDR_NY_FIN01,0.05,,In Tolerance,N/A,0
463,2026-06-22,2,MSFT,Equity,Technology,367.34,363.48,TDR_NY_TECH01,-1.05,,In Tolerance,N/A,0
464,2026-06-22,6,UBS,Equity,Financials,51.14,51.3,TDR_LN_FIN02,0.31,,In Tolerance,N/A,0
465,2026-06-23,1,AAPL,Equity,Technology,294.3,293.8,TDR_NY_TECH01,-0.17,,In Tolerance,N/A,0
466,2026-06-23,8,BAC,Equity,Financials,57.91,57.72,TDR_NY_FIN01,-0.33,,In Tolerance,N/A,0
467,2026-06-23,3,GOOGL,Equity,Technology,346.13,349.32,TDR_NY_TECH02,0.92,,In Tolerance,N/A,0
468,2026-06-23,5,GS,Equity,Financials,1094.44,1106.88,TDR_LN_FIN02,1.14,,In Tolerance,N/A,0
469,2026-06-23,4,JPM,Equity,Financials,334.14,331.48,TDR_NY_FIN01,-0.8,,In Tolerance,N/A,0
470,2026-06-23,7,MS,Equity,Financials,226.03,224.08,TDR_NY_FIN01,-0.86,,In Tolerance,N/A,0
471,2026-06-23,2,MSFT,Equity,Technology,373.94,372.4,TDR_NY_TECH01,-0.41,,In Tolerance,N/A,0
472,2026-06-23,6,UBS,Equity,Financials,50.29,48.55,TDR_LN_FIN02,-3.46,27.0,Minor,Open,1
473,2026-06-24,1,AAPL,Equity,Technology,293.08,286.42,TDR_NY_TECH01,-2.27,,In Tolerance,N/A,0
474,2026-06-24,8,BAC,Equity,Financials,57.73,58.91,TDR_NY_FIN01,2.04,,In Tolerance,N/A,0
475,2026-06-24,3,GOOGL,Equity,Technology,345.29,353.81,TDR_NY_TECH02,2.47,,In Tolerance,N/A,0
476,2026-06-24,5,GS,Equity,Financials,1076.91,1072.89,TDR_LN_FIN02,-0.37,,In Tolerance,N/A,0
477,2026-06-24,4,JPM,Equity,Financials,333.45,336.33,TDR_NY_FIN01,0.86,,In Tolerance,N/A,0
478,2026-06-24,7,MS,Equity,Financials,219.86,220.89,TDR_NY_FIN01,0.47,,In Tolerance,N/A,0
479,2026-06-24,2,MSFT,Equity,Technology,365.46,382.34,TDR_NY_TECH01,4.62,28.0,Minor,Open,1
480,2026-06-24,6,UBS,Equity,Financials,49.4,50.23,TDR_LN_FIN02,1.68,,In Tolerance,N/A,0
481,2026-06-25,1,AAPL,Equity,Technology,275.15,274.62,TDR_NY_TECH01,-0.19,,In Tolerance,N/A,0
482,2026-06-25,8,BAC,Equity,Financials,58.19,57.36,TDR_NY_FIN01,-1.43,,In Tolerance,N/A,0
483,2026-06-25,3,GOOGL,Equity,Technology,343.71,335.43,TDR_NY_TECH02,-2.41,,In Tolerance,N/A,0
484,2026-06-25,5,GS,Equity,Financials,1065.09,1068.34,TDR_LN_FIN02,0.31,,In Tolerance,N/A,0
485,2026-06-25,4,JPM,Equity,Financials,335.12,331.32,TDR_NY_FIN01,-1.13,,In Tolerance,N/A,0
486,2026-06-25,7,MS,Equity,Financials,221.04,216.32,TDR_NY_FIN01,-2.14,,In Tolerance,N/A,0
487,2026-06-25,2,MSFT,Equity,Technology,352.83,349.41,TDR_NY_TECH01,-0.97,,In Tolerance,N/A,0
488,2026-06-25,6,UBS,Equity,Financials,49.94,49.13,TDR_LN_FIN02,-1.62,,In Tolerance,N/A,0
489,2026-06-26,1,AAPL,Equity,Technology,283.78,290.96,TDR_NY_TECH01,2.53,,In Tolerance,N/A,0
490,2026-06-26,8,BAC,Equity,Financials,57.88,58.65,TDR_NY_FIN01,1.33,,In Tolerance,N/A,0
491,2026-06-26,3,GOOGL,Equity,Technology,337.39,337.35,TDR_NY_TECH02,-0.01,,In Tolerance,N/A,0
492,2026-06-26,5,GS,Equity,Financials,1019.61,1042.24,TDR_LN_FIN02,2.22,,In Tolerance,N/A,0
493,2026-06-26,4,JPM,Equity,Financials,329.05,329.43,TDR_NY_FIN01,0.12,,In Tolerance,N/A,0
494,2026-06-26,7,MS,Equity,Financials,212.03,209.29,TDR_NY_FIN01,-1.29,,In Tolerance,N/A,0
495,2026-06-26,2,MSFT,Equity,Technology,372.97,343.71,TDR_NY_TECH01,-7.85,29.0,Major,Open,1
496,2026-06-26,6,UBS,Equity,Financials,49.09,49.49,TDR_LN_FIN02,0.81,,In Tolerance,N/A,0
497,2026-06-29,1,AAPL,Equity,Technology,281.74,277.36,TDR_NY_TECH01,-1.55,,In Tolerance,N/A,0
498,2026-06-29,8,BAC,Equity,Financials,57.88,57.71,TDR_NY_FIN01,-0.29,,In Tolerance,N/A,0
499,2026-06-29,3,GOOGL,Equity,Technology,353.65,349.01,TDR_NY_TECH02,-1.31,,In Tolerance,N/A,0
500,2026-06-29,5,GS,Equity,Financials,1020.21,999.05,TDR_LN_FIN02,-2.07,,In Tolerance,N/A,0
501,2026-06-29,4,JPM,Equity,Financials,329.39,333.97,TDR_NY_FIN01,1.39,,In Tolerance,N/A,0
502,2026-06-29,7,MS,Equity,Financials,211.72,217.78,TDR_NY_FIN01,2.86,,In Tolerance,N/A,0
503,2026-06-29,2,MSFT,Equity,Technology,368.57,360.84,TDR_NY_TECH01,-2.1,,In Tolerance,N/A,0
504,2026-06-29,6,UBS,Equity,Financials,49.49,49.91,TDR_LN_FIN02,0.85,,In Tolerance,N/A,0
505,2026-06-30,1,AAPL,Equity,Technology,289.36,272.49,TDR_NY_TECH01,-5.83,30.0,Major,Open,1
506,2026-06-30,8,BAC,Equity,Financials,56.98,56.56,TDR_NY_FIN01,-0.74,,In Tolerance,N/A,0
507,2026-06-30,3,GOOGL,Equity,Technology,357.37,354.19,TDR_NY_TECH02,-0.89,,In Tolerance,N/A,0
508,2026-06-30,5,GS,Equity,Financials,1011.37,998.26,TDR_LN_FIN02,-1.3,,In Tolerance,N/A,0
509,2026-06-30,4,JPM,Equity,Financials,327.33,327.57,TDR_NY_FIN01,0.07,,In Tolerance,N/A,0
510,2026-06-30,7,MS,Equity,Financials,209.04,206.43,TDR_NY_FIN01,-1.25,,In Tolerance,N/A,0
511,2026-06-30,2,MSFT,Equity,Technology,373.02,374.53,TDR_NY_TECH01,0.4,,In Tolerance,N/A,0
512,2026-06-30,6,UBS,Equity,Financials,49.56,49.52,TDR_LN_FIN02,-0.08,,In Tolerance,N/A,0
513,2026-07-01,1,AAPL,Equity,Technology,294.38,293.32,TDR_NY_TECH01,-0.36,,In Tolerance,N/A,0
514,2026-07-01,8,BAC,Equity,Financials,58.36,57.57,TDR_NY_FIN01,-1.35,,In Tolerance,N/A,0
515,2026-07-01,3,GOOGL,Equity,Technology,361.21,358.08,TDR_NY_TECH02,-0.87,,In Tolerance,N/A,0
516,2026-07-01,5,GS,Equity,Financials,1019.61,1031.16,TDR_LN_FIN02,1.13,,In Tolerance,N/A,0
517,2026-07-01,4,JPM,Equity,Financials,334.07,336.58,TDR_NY_FIN01,0.75,,In Tolerance,N/A,0
518,2026-07-01,7,MS,Equity,Financials,211.86,208.75,TDR_NY_FIN01,-1.47,,In Tolerance,N/A,0
519,2026-07-01,2,MSFT,Equity,Technology,384.28,384.85,TDR_NY_TECH01,0.15,,In Tolerance,N/A,0
520,2026-07-01,6,UBS,Equity,Financials,49.72,50.28,TDR_LN_FIN02,1.13,,In Tolerance,N/A,0
521,2026-07-02,1,AAPL,Equity,Technology,308.63,300.9,TDR_NY_TECH01,-2.5,,In Tolerance,N/A,0
522,2026-07-02,8,BAC,Equity,Financials,58.73,59.21,TDR_NY_FIN01,0.82,,In Tolerance,N/A,0
523,2026-07-02,3,GOOGL,Equity,Technology,359.91,356.33,TDR_NY_TECH02,-0.99,,In Tolerance,N/A,0
524,2026-07-02,5,GS,Equity,Financials,1021.0,1029.74,TDR_LN_FIN02,0.86,,In Tolerance,N/A,0
525,2026-07-02,4,JPM,Equity,Financials,334.47,330.64,TDR_NY_FIN01,-1.15,,In Tolerance,N/A,0
526,2026-07-02,7,MS,Equity,Financials,213.93,208.14,TDR_NY_FIN01,-2.71,,In Tolerance,N/A,0
527,2026-07-02,2,MSFT,Equity,Technology,390.49,380.96,TDR_NY_TECH01,-2.44,,In Tolerance,N/A,0
528,2026-07-02,6,UBS,Equity,Financials,51.04,51.08,TDR_LN_FIN02,0.08,,In Tolerance,N/A,0
529,2026-07-06,1,AAPL,Equity,Technology,312.66,313.88,TDR_NY_TECH01,0.39,,In Tolerance,N/A,0
530,2026-07-06,8,BAC,Equity,Financials,59.9,59.09,TDR_NY_FIN01,-1.35,,In Tolerance,N/A,0
531,2026-07-06,3,GOOGL,Equity,Technology,366.46,369.97,TDR_NY_TECH02,0.96,,In Tolerance,N/A,0
532,2026-07-06,5,GS,Equity,Financials,1055.29,1028.99,TDR_LN_FIN02,-2.49,,In Tolerance,N/A,0
533,2026-07-06,4,JPM,Equity,Financials,337.72,337.39,TDR_NY_FIN01,-0.1,,In Tolerance,N/A,0
534,2026-07-06,7,MS,Equity,Financials,222.1,218.07,TDR_NY_FIN01,-1.81,,In Tolerance,N/A,0
535,2026-07-06,2,MSFT,Equity,Technology,386.74,382.96,TDR_NY_TECH01,-0.98,,In Tolerance,N/A,0
536,2026-07-06,6,UBS,Equity,Financials,52.15,52.19,TDR_LN_FIN02,0.08,,In Tolerance,N/A,0
537,2026-07-07,1,AAPL,Equity,Technology,310.66,306.65,TDR_NY_TECH01,-1.29,,In Tolerance,N/A,0
538,2026-07-07,8,BAC,Equity,Financials,59.86,59.51,TDR_NY_FIN01,-0.58,,In Tolerance,N/A,0
539,2026-07-07,3,GOOGL,Equity,Technology,367.03,372.57,TDR_NY_TECH02,1.51,,In Tolerance,N/A,0
540,2026-07-07,5,GS,Equity,Financials,1042.98,1033.95,TDR_LN_FIN02,-0.87,,In Tolerance,N/A,0
541,2026-07-07,4,JPM,Equity,Financials,339.22,343.47,TDR_NY_FIN01,1.25,,In Tolerance,N/A,0
542,2026-07-07,7,MS,Equity,Financials,222.04,218.28,TDR_NY_FIN01,-1.69,,In Tolerance,N/A,0
543,2026-07-07,2,MSFT,Equity,Technology,388.84,367.0,TDR_NY_TECH01,-5.62,31.0,Major,Open,1
544,2026-07-07,6,UBS,Equity,Financials,51.44,52.55,TDR_LN_FIN02,2.16,,In Tolerance,N/A,0
545,2026-07-08,1,AAPL,Equity,Technology,313.39,301.77,TDR_NY_TECH01,-3.71,32.0,Minor,Open,1
546,2026-07-08,8,BAC,Equity,Financials,58.3,57.6,TDR_NY_FIN01,-1.2,,In Tolerance,N/A,0
547,2026-07-08,3,GOOGL,Equity,Technology,361.92,365.05,TDR_NY_TECH02,0.86,,In Tolerance,N/A,0
548,2026-07-08,5,GS,Equity,Financials,1029.64,1026.5,TDR_LN_FIN02,-0.3,,In Tolerance,N/A,0
549,2026-07-08,4,JPM,Equity,Financials,330.62,332.46,TDR_NY_FIN01,0.56,,In Tolerance,N/A,0
550,2026-07-08,7,MS,Equity,Financials,218.07,216.09,TDR_NY_FIN01,-0.91,,In Tolerance,N/A,0
551,2026-07-08,2,MSFT,Equity,Technology,383.34,383.84,TDR_NY_TECH01,0.13,,In Tolerance,N/A,0
552,2026-07-08,6,UBS,Equity,Financials,51.13,51.01,TDR_LN_FIN02,-0.23,,In Tolerance,N/A,0
553,2026-07-09,1,AAPL,Equity,Technology,316.22,321.76,TDR_NY_TECH01,1.75,,In Tolerance,N/A,0
554,2026-07-09,8,BAC,Equity,Financials,59.25,59.48,TDR_NY_FIN01,0.39,,In Tolerance,N/A,0
555,2026-07-09,3,GOOGL,Equity,Technology,358.89,360.71,TDR_NY_TECH02,0.51,,In Tolerance,N/A,0
556,2026-07-09,5,GS,Equity,Financials,1055.97,1049.45,TDR_LN_FIN02,-0.62,,In Tolerance,N/A,0
557,2026-07-09,4,JPM,Equity,Financials,335.47,333.02,TDR_NY_FIN01,-0.73,,In Tolerance,N/A,0
558,2026-07-09,7,MS,Equity,Financials,222.13,220.69,TDR_NY_FIN01,-0.65,,In Tolerance,N/A,0
559,2026-07-09,2,MSFT,Equity,Technology,384.36,386.63,TDR_NY_TECH01,0.59,,In Tolerance,N/A,0
560,2026-07-09,6,UBS,Equity,Financials,51.86,51.53,TDR_LN_FIN02,-0.64,,In Tolerance,N/A,0
561,2026-07-10,1,AAPL,Equity,Technology,315.32,339.7,TDR_NY_TECH01,7.73,33.0,Major,Open,1
562,2026-07-10,8,BAC,Equity,Financials,59.67,61.53,TDR_NY_FIN01,3.12,34.0,Minor,Open,1
563,2026-07-10,3,GOOGL,Equity,Technology,357.18,361.85,TDR_NY_TECH02,1.31,,In Tolerance,N/A,0
564,2026-07-10,5,GS,Equity,Financials,1055.18,1050.02,TDR_LN_FIN02,-0.49,,In Tolerance,N/A,0
565,2026-07-10,4,JPM,Equity,Financials,336.47,342.53,TDR_NY_FIN01,1.8,,In Tolerance,N/A,0
566,2026-07-10,7,MS,Equity,Financials,222.28,220.92,TDR_NY_FIN01,-0.61,,In Tolerance,N/A,0
567,2026-07-10,2,MSFT,Equity,Technology,385.1,373.33,TDR_NY_TECH01,-3.06,35.0,Minor,Open,1
568,2026-07-10,6,UBS,Equity,Financials,52.08,51.29,TDR_LN_FIN02,-1.52,,In Tolerance,N/A,0
569,2026-07-13,1,AAPL,Equity,Technology,317.31,308.41,TDR_NY_TECH01,-2.8,,In Tolerance,N/A,0
570,2026-07-13,8,BAC,Equity,Financials,59.5,59.19,TDR_NY_FIN01,-0.52,,In Tolerance,N/A,0
571,2026-07-13,3,GOOGL,Equity,Technology,352.51,352.61,TDR_NY_TECH02,0.03,,In Tolerance,N/A,0
572,2026-07-13,5,GS,Equity,Financials,1045.91,1072.21,TDR_LN_FIN02,2.51,,In Tolerance,N/A,0
573,2026-07-13,4,JPM,Equity,Financials,334.53,336.17,TDR_NY_FIN01,0.49,,In Tolerance,N/A,0
574,2026-07-13,7,MS,Equity,Financials,221.09,220.36,TDR_NY_FIN01,-0.33,,In Tolerance,N/A,0
575,2026-07-13,2,MSFT,Equity,Technology,390.99,395.85,TDR_NY_TECH01,1.24,,In Tolerance,N/A,0
576,2026-07-13,6,UBS,Equity,Financials,51.93,50.21,TDR_LN_FIN02,-3.31,36.0,Minor,Open,1
577,2026-07-14,1,AAPL,Equity,Technology,314.86,315.97,TDR_NY_TECH01,0.35,,In Tolerance,N/A,0
578,2026-07-14,8,BAC,Equity,Financials,60.62,61.32,TDR_NY_FIN01,1.15,,In Tolerance,N/A,0
579,2026-07-14,3,GOOGL,Equity,Technology,359.51,351.54,TDR_NY_TECH02,-2.22,,In Tolerance,N/A,0
580,2026-07-14,5,GS,Equity,Financials,1140.0,1159.56,TDR_LN_FIN02,1.72,,In Tolerance,N/A,0
581,2026-07-14,4,JPM,Equity,Financials,342.89,344.63,TDR_NY_FIN01,0.51,,In Tolerance,N/A,0
582,2026-07-14,7,MS,Equity,Financials,227.67,226.25,TDR_NY_FIN01,-0.62,,In Tolerance,N/A,0
583,2026-07-14,2,MSFT,Equity,Technology,384.93,388.58,TDR_NY_TECH01,0.95,,In Tolerance,N/A,0
584,2026-07-14,6,UBS,Equity,Financials,53.82,55.65,TDR_LN_FIN02,3.4,37.0,Minor,Open,1
585,2026-07-15,1,AAPL,Equity,Technology,327.5,328.39,TDR_NY_TECH01,0.27,,In Tolerance,N/A,0
586,2026-07-15,8,BAC,Equity,Financials,61.59,61.82,TDR_NY_FIN01,0.37,,In Tolerance,N/A,0
587,2026-07-15,3,GOOGL,Equity,Technology,370.92,368.36,TDR_NY_TECH02,-0.69,,In Tolerance,N/A,0
588,2026-07-15,5,GS,Equity,Financials,1152.07,1137.38,TDR_LN_FIN02,-1.28,,In Tolerance,N/A,0
589,2026-07-15,4,JPM,Equity,Financials,346.91,351.23,TDR_NY_FIN01,1.25,,In Tolerance,N/A,0
590,2026-07-15,7,MS,Equity,Financials,228.55,225.62,TDR_NY_FIN01,-1.28,,In Tolerance,N/A,0
591,2026-07-15,2,MSFT,Equity,Technology,395.63,396.05,TDR_NY_TECH01,0.11,,In Tolerance,N/A,0
592,2026-07-15,6,UBS,Equity,Financials,55.07,54.68,TDR_LN_FIN02,-0.71,,In Tolerance,N/A,0
593,2026-07-16,1,AAPL,Equity,Technology,333.26,335.65,TDR_NY_TECH01,0.72,,In Tolerance,N/A,0
594,2026-07-16,8,BAC,Equity,Financials,61.49,61.8,TDR_NY_FIN01,0.5,,In Tolerance,N/A,0
595,2026-07-16,3,GOOGL,Equity,Technology,354.46,359.98,TDR_NY_TECH02,1.56,,In Tolerance,N/A,0
596,2026-07-16,5,GS,Equity,Financials,1095.46,1087.08,TDR_LN_FIN02,-0.76,,In Tolerance,N/A,0
597,2026-07-16,4,JPM,Equity,Financials,343.15,341.76,TDR_NY_FIN01,-0.41,,In Tolerance,N/A,0
598,2026-07-16,7,MS,Equity,Financials,218.37,215.16,TDR_NY_FIN01,-1.47,,In Tolerance,N/A,0
599,2026-07-16,2,MSFT,Equity,Technology,401.1,398.43,TDR_NY_TECH01,-0.67,,In Tolerance,N/A,0
600,2026-07-16,6,UBS,Equity,Financials,53.5,53.8,TDR_LN_FIN02,0.56,,In Tolerance,N/A,0
601,2026-07-17,1,AAPL,Equity,Technology,333.74,337.53,TDR_NY_TECH01,1.14,,In Tolerance,N/A,0
602,2026-07-17,8,BAC,Equity,Financials,61.27,60.42,TDR_NY_FIN01,-1.39,,In Tolerance,N/A,0
603,2026-07-17,3,GOOGL,Equity,Technology,346.77,351.29,TDR_NY_TECH02,1.3,,In Tolerance,N/A,0
604,2026-07-17,5,GS,Equity,Financials,1065.22,1086.88,TDR_LN_FIN02,2.03,,In Tolerance,N/A,0
605,2026-07-17,4,JPM,Equity,Financials,341.1,343.22,TDR_NY_FIN01,0.62,,In Tolerance,N/A,0
606,2026-07-17,7,MS,Equity,Financials,215.5,221.57,TDR_NY_FIN01,2.82,,In Tolerance,N/A,0
607,2026-07-17,2,MSFT,Equity,Technology,393.82,389.25,TDR_NY_TECH01,-1.16,,In Tolerance,N/A,0
608,2026-07-17,6,UBS,Equity,Financials,52.73,51.75,TDR_LN_FIN02,-1.86,,In Tolerance,N/A,0
609,2026-07-20,1,AAPL,Equity,Technology,326.59,317.88,TDR_NY_TECH01,-2.67,,In Tolerance,N/A,0
610,2026-07-20,8,BAC,Equity,Financials,60.42,61.78,TDR_NY_FIN01,2.25,,In Tolerance,N/A,0
611,2026-07-20,3,GOOGL,Equity,Technology,351.99,355.44,TDR_NY_TECH02,0.98,,In Tolerance,N/A,0
612,2026-07-20,5,GS,Equity,Financials,1055.03,1054.15,TDR_LN_FIN02,-0.08,,In Tolerance,N/A,0
613,2026-07-20,4,JPM,Equity,Financials,338.87,340.29,TDR_NY_FIN01,0.42,,In Tolerance,N/A,0
614,2026-07-20,7,MS,Equity,Financials,210.94,207.38,TDR_NY_FIN01,-1.69,,In Tolerance,N/A,0
615,2026-07-20,2,MSFT,Equity,Technology,402.29,417.05,TDR_NY_TECH01,3.67,38.0,Minor,Open,1
616,2026-07-20,6,UBS,Equity,Financials,51.5,51.6,TDR_LN_FIN02,0.19,,In Tolerance,N/A,0
617,2026-07-21,1,AAPL,Equity,Technology,327.74,328.28,TDR_NY_TECH01,0.16,,In Tolerance,N/A,0
618,2026-07-21,8,BAC,Equity,Financials,61.22,61.89,TDR_NY_FIN01,1.09,,In Tolerance,N/A,0
619,2026-07-21,3,GOOGL,Equity,Technology,347.15,349.65,TDR_NY_TECH02,0.72,,In Tolerance,N/A,0
620,2026-07-21,5,GS,Equity,Financials,1085.56,1089.21,TDR_LN_FIN02,0.34,,In Tolerance,N/A,0
621,2026-07-21,4,JPM,Equity,Financials,345.23,341.14,TDR_NY_FIN01,-1.18,,In Tolerance,N/A,0
622,2026-07-21,7,MS,Equity,Financials,216.4,217.93,TDR_NY_FIN01,0.71,,In Tolerance,N/A,0
623,2026-07-21,2,MSFT,Equity,Technology,397.75,408.98,TDR_NY_TECH01,2.82,,In Tolerance,N/A,0
624,2026-07-21,6,UBS,Equity,Financials,52.33,53.39,TDR_LN_FIN02,2.03,,In Tolerance,N/A,0
625,2026-07-22,1,AAPL,Equity,Technology,325.89,333.68,TDR_NY_TECH01,2.39,,In Tolerance,N/A,0
626,2026-07-22,8,BAC,Equity,Financials,61.62,61.15,TDR_NY_FIN01,-0.76,,In Tolerance,N/A,0
627,2026-07-22,3,GOOGL,Equity,Technology,342.09,337.01,TDR_NY_TECH02,-1.48,,In Tolerance,N/A,0
628,2026-07-22,5,GS,Equity,Financials,1098.2,1096.13,TDR_LN_FIN02,-0.19,,In Tolerance,N/A,0
629,2026-07-22,4,JPM,Equity,Financials,348.21,348.5,TDR_NY_FIN01,0.08,,In Tolerance,N/A,0
630,2026-07-22,7,MS,Equity,Financials,218.5,222.09,TDR_NY_FIN01,1.64,,In Tolerance,N/A,0
631,2026-07-22,2,MSFT,Equity,Technology,390.34,380.43,TDR_NY_TECH01,-2.54,,In Tolerance,N/A,0
632,2026-07-22,6,UBS,Equity,Financials,52.65,53.86,TDR_LN_FIN02,2.3,,In Tolerance,N/A,0
633,2026-07-23,1,AAPL,Equity,Technology,321.66,320.9,TDR_NY_TECH01,-0.24,,In Tolerance,N/A,0
634,2026-07-23,8,BAC,Equity,Financials,61.28,60.89,TDR_NY_FIN01,-0.64,,In Tolerance,N/A,0
635,2026-07-23,3,GOOGL,Equity,Technology,317.69,312.87,TDR_NY_TECH02,-1.52,,In Tolerance,N/A,0
636,2026-07-23,5,GS,Equity,Financials,1074.72,1048.04,TDR_LN_FIN02,-2.48,,In Tolerance,N/A,0
637,2026-07-23,4,JPM,Equity,Financials,349.9,354.22,TDR_NY_FIN01,1.23,,In Tolerance,N/A,0
638,2026-07-23,7,MS,Equity,Financials,215.18,215.42,TDR_NY_FIN01,0.11,,In Tolerance,N/A,0
639,2026-07-23,2,MSFT,Equity,Technology,381.58,374.2,TDR_NY_TECH01,-1.93,,In Tolerance,N/A,0
640,2026-07-23,6,UBS,Equity,Financials,51.55,50.55,TDR_LN_FIN02,-1.94,,In Tolerance,N/A,0
641,2026-07-24,1,AAPL,Equity,Technology,333.02,331.34,TDR_NY_TECH01,-0.5,,In Tolerance,N/A,0
642,2026-07-24,8,BAC,Equity,Financials,62.05,66.18,TDR_NY_FIN01,6.66,39.0,Major,Open,1
643,2026-07-24,3,GOOGL,Equity,Technology,319.74,318.49,TDR_NY_TECH02,-0.39,,In Tolerance,N/A,0
644,2026-07-24,5,GS,Equity,Financials,1061.23,1037.3,TDR_LN_FIN02,-2.25,,In Tolerance,N/A,0
645,2026-07-24,4,JPM,Equity,Financials,353.21,372.85,TDR_NY_FIN01,5.56,40.0,Major,Open,1
646,2026-07-24,7,MS,Equity,Financials,214.48,226.43,TDR_NY_FIN01,5.57,41.0,Major,Open,1
647,2026-07-24,2,MSFT,Equity,Technology,381.7,366.26,TDR_NY_TECH01,-4.05,42.0,Minor,Open,1
648,2026-07-24,6,UBS,Equity,Financials,51.74,51.7,TDR_LN_FIN02,-0.08,,In Tolerance,N/A,0
649,2026-07-27,1,AAPL,Equity,Technology,336.91,335.74,TDR_NY_TECH01,-0.35,,In Tolerance,N/A,0
650,2026-07-27,8,BAC,Equity,Financials,62.13,62.78,TDR_NY_FIN01,1.05,,In Tolerance,N/A,0
651,2026-07-27,3,GOOGL,Equity,Technology,326.56,335.62,TDR_NY_TECH02,2.77,,In Tolerance,N/A,0
652,2026-07-27,5,GS,Equity,Financials,1048.23,1065.94,TDR_LN_FIN02,1.69,,In Tolerance,N/A,0
653,2026-07-27,4,JPM,Equity,Financials,356.2,354.76,TDR_NY_FIN01,-0.4,,In Tolerance,N/A,0
654,2026-07-27,7,MS,Equity,Financials,214.56,211.0,TDR_NY_FIN01,-1.66,,In Tolerance,N/A,0
655,2026-07-27,2,MSFT,Equity,Technology,389.1,404.12,TDR_NY_TECH01,3.86,43.0,Minor,Open,1
656,2026-07-27,6,UBS,Equity,Financials,52.54,52.59,TDR_LN_FIN02,0.1,,In Tolerance,N/A,0
657,2026-07-28,1,AAPL,Equity,Technology,340.08,340.15,TDR_NY_TECH01,0.02,,In Tolerance,N/A,0
658,2026-07-28,8,BAC,Equity,Financials,62.62,62.6,TDR_NY_FIN01,-0.03,,In Tolerance,N/A,0
659,2026-07-28,3,GOOGL,Equity,Technology,333.71,334.7,TDR_NY_TECH02,0.3,,In Tolerance,N/A,0
660,2026-07-28,5,GS,Equity,Financials,1033.34,960.77,TDR_LN_FIN02,-7.02,44.0,Major,Open,1
661,2026-07-28,4,JPM,Equity,Financials,357.31,354.24,TDR_NY_FIN01,-0.86,,In Tolerance,N/A,0
662,2026-07-28,7,MS,Equity,Financials,211.58,209.84,TDR_NY_FIN01,-0.82,,In Tolerance,N/A,0
663,2026-07-28,2,MSFT,Equity,Technology,393.35,393.16,TDR_NY_TECH01,-0.05,,In Tolerance,N/A,0
664,2026-07-28,6,UBS,Equity,Financials,52.03,51.61,TDR_LN_FIN02,-0.81,,In Tolerance,N/A,0
665,2026-07-29,1,AAPL,Equity,Technology,338.19,334.57,TDR_NY_TECH01,-1.07,,In Tolerance,N/A,0
666,2026-07-29,8,BAC,Equity,Financials,61.07,61.17,TDR_NY_FIN01,0.16,,In Tolerance,N/A,0
667,2026-07-29,3,GOOGL,Equity,Technology,336.71,335.42,TDR_NY_TECH02,-0.38,,In Tolerance,N/A,0
668,2026-07-29,5,GS,Equity,Financials,980.75,1002.88,TDR_LN_FIN02,2.26,,In Tolerance,N/A,0
669,2026-07-29,4,JPM,Equity,Financials,344.71,331.0,TDR_NY_FIN01,-3.98,45.0,Minor,Open,1
670,2026-07-29,7,MS,Equity,Financials,203.13,206.46,TDR_NY_FIN01,1.64,,In Tolerance,N/A,0
671,2026-07-29,2,MSFT,Equity,Technology,390.54,397.84,TDR_NY_TECH01,1.87,,In Tolerance,N/A,0
672,2026-07-29,6,UBS,Equity,Financials,51.8,50.19,TDR_LN_FIN02,-3.11,46.0,Minor,Open,1
673,2026-07-30,1,AAPL,Equity,Technology,333.43,331.72,TDR_NY_TECH01,-0.51,,In Tolerance,N/A,0
674,2026-07-30,8,BAC,Equity,Financials,61.73,61.39,TDR_NY_FIN01,-0.55,,In Tolerance,N/A,0
675,2026-07-30,3,GOOGL,Equity,Technology,333.66,326.62,TDR_NY_TECH02,-2.11,,In Tolerance,N/A,0
676,2026-07-30,5,GS,Equity,Financials,1024.86,1012.9,TDR_LN_FIN02,-1.17,,In Tolerance,N/A,0
677,2026-07-30,4,JPM,Equity,Financials,350.85,345.01,TDR_NY_FIN01,-1.66,,In Tolerance,N/A,0
678,2026-07-30,7,MS,Equity,Financials,210.06,215.58,TDR_NY_FIN01,2.63,,In Tolerance,N/A,0
679,2026-07-30,2,MSFT,Equity,Technology,451.1,457.43,TDR_NY_TECH01,1.4,,In Tolerance,N/A,0
680,2026-07-30,6,UBS,Equity,Financials,53.39,54.41,TDR_LN_FIN02,1.91,,In Tolerance,N/A,0
681,2026-07-31,1,AAPL,Equity,Technology,308.91,312.25,TDR_NY_TECH01,1.08,,In Tolerance,N/A,0
682,2026-07-31,8,BAC,Equity,Financials,61.95,60.9,TDR_NY_FIN01,-1.69,,In Tolerance,N/A,0
683,2026-07-31,3,GOOGL,Equity,Technology,356.13,353.33,TDR_NY_TECH02,-0.79,,In Tolerance,N/A,0
684,2026-07-31,5,GS,Equity,Financials,1018.38,1025.86,TDR_LN_FIN02,0.73,,In Tolerance,N/A,0
685,2026-07-31,4,JPM,Equity,Financials,351.79,345.34,TDR_NY_FIN01,-1.83,,In Tolerance,N/A,0
686,2026-07-31,7,MS,Equity,Financials,210.42,212.67,TDR_NY_FIN01,1.07,,In Tolerance,N/A,0
687,2026-07-31,2,MSFT,Equity,Technology,464.72,463.04,TDR_NY_TECH01,-0.36,,In Tolerance,N/A,0
688,2026-07-31,6,UBS,Equity,Financials,52.74,52.44,TDR_LN_FIN02,-0.57,,In Tolerance,N/A,0
689,2026-08-03,1,AAPL,Equity,Technology,303.42,306.66,TDR_NY_TECH01,1.07,,In Tolerance,N/A,0
690,2026-08-03,8,BAC,Equity,Financials,62.48,62.9,TDR_NY_FIN01,0.67,,In Tolerance,N/A,0
691,2026-08-03,3,GOOGL,Equity,Technology,373.51,371.49,TDR_NY_TECH02,-0.54,,In Tolerance,N/A,0
692,2026-08-03,5,GS,Equity,Financials,1027.06,1044.92,TDR_LN_FIN02,1.74,,In Tolerance,N/A,0
693,2026-08-03,4,JPM,Equity,Financials,352.64,346.92,TDR_NY_FIN01,-1.62,,In Tolerance,N/A,0
694,2026-08-03,7,MS,Equity,Financials,211.23,213.18,TDR_NY_FIN01,0.92,,In Tolerance,N/A,0
695,2026-08-03,2,MSFT,Equity,Technology,487.65,491.99,TDR_NY_TECH01,0.89,,In Tolerance,N/A,0
696,2026-08-03,6,UBS,Equity,Financials,52.75,52.51,TDR_LN_FIN02,-0.45,,In Tolerance,N/A,0
697,2026-08-04,1,AAPL,Equity,Technology,309.38,310.89,TDR_NY_TECH01,0.49,,In Tolerance,N/A,0
698,2026-08-04,8,BAC,Equity,Financials,62.9,61.72,TDR_NY_FIN01,-1.88,,In Tolerance,N/A,0
699,2026-08-04,3,GOOGL,Equity,Technology,377.65,382.88,TDR_NY_TECH02,1.38,,In Tolerance,N/A,0
700,2026-08-04,5,GS,Equity,Financials,1052.98,1050.06,TDR_LN_FIN02,-0.28,,In Tolerance,N/A,0
701,2026-08-04,4,JPM,Equity,Financials,357.52,354.72,TDR_NY_FIN01,-0.78,,In Tolerance,N/A,0
702,2026-08-04,7,MS,Equity,Financials,217.04,220.46,TDR_NY_FIN01,1.58,,In Tolerance,N/A,0
703,2026-08-04,2,MSFT,Equity,Technology,492.81,487.6,TDR_NY_TECH01,-1.06,,In Tolerance,N/A,0
704,2026-08-04,6,UBS,Equity,Financials,53.46,52.33,TDR_LN_FIN02,-2.11,,In Tolerance,N/A,0
705,2026-08-05,1,AAPL,Equity,Technology,311.0,303.74,TDR_NY_TECH01,-2.33,,In Tolerance,N/A,0
706,2026-08-05,8,BAC,Equity,Financials,63.25,63.82,TDR_NY_FIN01,0.9,,In Tolerance,N/A,0
707,2026-08-05,3,GOOGL,Equity,Technology,362.43,355.47,TDR_NY_TECH02,-1.92,,In Tolerance,N/A,0
708,2026-08-05,5,GS,Equity,Financials,1060.38,1088.29,TDR_LN_FIN02,2.63,,In Tolerance,N/A,0
709,2026-08-05,4,JPM,Equity,Financials,359.24,348.02,TDR_NY_FIN01,-3.12,47.0,Minor,Open,1
710,2026-08-05,7,MS,Equity,Financials,218.27,223.82,TDR_NY_FIN01,2.54,,In Tolerance,N/A,0
711,2026-08-05,2,MSFT,Equity,Technology,487.46,489.0,TDR_NY_TECH01,0.32,,In Tolerance,N/A,0
712,2026-08-05,6,UBS,Equity,Financials,53.57,53.49,TDR_LN_FIN02,-0.15,,In Tolerance,N/A,0
713,2026-08-06,1,AAPL,Equity,Technology,312.41,309.86,TDR_NY_TECH01,-0.82,,In Tolerance,N/A,0
714,2026-08-06,8,BAC,Equity,Financials,63.0,63.38,TDR_NY_FIN01,0.6,,In Tolerance,N/A,0
715,2026-08-06,3,GOOGL,Equity,Technology,357.75,357.55,TDR_NY_TECH02,-0.06,,In Tolerance,N/A,0
716,2026-08-06,5,GS,Equity,Financials,1032.58,1049.67,TDR_LN_FIN02,1.66,,In Tolerance,N/A,0
717,2026-08-06,4,JPM,Equity,Financials,356.3,356.91,TDR_NY_FIN01,0.17,,In Tolerance,N/A,0
718,2026-08-06,7,MS,Equity,Financials,213.75,214.23,TDR_NY_FIN01,0.22,,In Tolerance,N/A,0
719,2026-08-06,2,MSFT,Equity,Technology,499.86,497.13,TDR_NY_TECH01,-0.55,,In Tolerance,N/A,0
720,2026-08-06,6,UBS,Equity,Financials,52.84,52.79,TDR_LN_FIN02,-0.09,,In Tolerance,N/A,0
721,2026-08-07,1,AAPL,Equity,Technology,313.33,314.78,TDR_NY_TECH01,0.46,,In Tolerance,N/A,0
722,2026-08-07,8,BAC,Equity,Financials,63.17,61.55,TDR_NY_FIN01,-2.56,,In Tolerance,N/A,0
723,2026-08-07,3,GOOGL,Equity,Technology,354.3,347.14,TDR_NY_TECH02,-2.02,,In Tolerance,N/A,0
724,2026-08-07,5,GS,Equity,Financials,1039.61,1051.2,TDR_LN_FIN02,1.11,,In Tolerance,N/A,0
725,2026-08-07,4,JPM,Equity,Financials,357.52,358.44,TDR_NY_FIN01,0.26,,In Tolerance,N/A,0
726,2026-08-07,7,MS,Equity,Financials,216.33,215.73,TDR_NY_FIN01,-0.28,,In Tolerance,N/A,0
727,2026-08-07,2,MSFT,Equity,Technology,499.99,500.13,TDR_NY_TECH01,0.03,,In Tolerance,N/A,0
728,2026-08-07,6,UBS,Equity,Financials,53.76,50.41,TDR_LN_FIN02,-6.23,48.0,Major,Open,1
729,2026-08-10,1,AAPL,Equity,Technology,308.26,305.76,TDR_NY_TECH01,-0.81,,In Tolerance,N/A,0
730,2026-08-10,8,BAC,Equity,Financials,63.86,63.11,TDR_NY_FIN01,-1.17,,In Tolerance,N/A,0
731,2026-08-10,3,GOOGL,Equity,Technology,357.52,358.57,TDR_NY_TECH02,0.29,,In Tolerance,N/A,0
732,2026-08-10,5,GS,Equity,Financials,1034.51,1019.33,TDR_LN_FIN02,-1.47,,In Tolerance,N/A,0
733,2026-08-10,4,JPM,Equity,Financials,359.79,361.99,TDR_NY_FIN01,0.61,,In Tolerance,N/A,0
734,2026-08-10,7,MS,Equity,Financials,215.33,209.83,TDR_NY_FIN01,-2.55,,In Tolerance,N/A,0
735,2026-08-10,2,MSFT,Equity,Technology,506.06,513.87,TDR_NY_TECH01,1.54,,In Tolerance,N/A,0
736,2026-08-10,6,UBS,Equity,Financials,53.96,54.34,TDR_LN_FIN02,0.7,,In Tolerance,N/A,0
737,2026-08-11,1,AAPL,Equity,Technology,304.91,306.08,TDR_NY_TECH01,0.38,,In Tolerance,N/A,0
738,2026-08-11,8,BAC,Equity,Financials,64.0,64.94,TDR_NY_FIN01,1.47,,In Tolerance,N/A,0
739,2026-08-11,3,GOOGL,Equity,Technology,343.8,352.39,TDR_NY_TECH02,2.5,,In Tolerance,N/A,0
740,2026-08-11,5,GS,Equity,Financials,1034.41,1050.15,TDR_LN_FIN02,1.52,,In Tolerance,N/A,0
741,2026-08-11,4,JPM,Equity,Financials,362.04,352.04,TDR_NY_FIN01,-2.76,,In Tolerance,N/A,0
742,2026-08-11,7,MS,Equity,Financials,215.07,210.94,TDR_NY_FIN01,-1.92,,In Tolerance,N/A,0
743,2026-08-11,2,MSFT,Equity,Technology,503.81,499.09,TDR_NY_TECH01,-0.94,,In Tolerance,N/A,0
744,2026-08-11,6,UBS,Equity,Financials,53.69,53.71,TDR_LN_FIN02,0.04,,In Tolerance,N/A,0
745,2026-08-12,1,AAPL,Equity,Technology,302.25,304.6,TDR_NY_TECH01,0.78,,In Tolerance,N/A,0
746,2026-08-12,8,BAC,Equity,Financials,64.81,64.1,TDR_NY_FIN01,-1.1,,In Tolerance,N/A,0
747,2026-08-12,3,GOOGL,Equity,Technology,343.54,344.5,TDR_NY_TECH02,0.28,,In Tolerance,N/A,0
748,2026-08-12,5,GS,Equity,Financials,1037.21,1025.46,TDR_LN_FIN02,-1.13,,In Tolerance,N/A,0
749,2026-08-12,4,JPM,Equity,Financials,365.18,361.83,TDR_NY_FIN01,-0.92,,In Tolerance,N/A,0
750,2026-08-12,7,MS,Equity,Financials,217.64,213.05,TDR_NY_FIN01,-2.11,,In Tolerance,N/A,0
751,2026-08-12,2,MSFT,Equity,Technology,492.43,485.61,TDR_NY_TECH01,-1.38,,In Tolerance,N/A,0
752,2026-08-12,6,UBS,Equity,Financials,53.93,52.84,TDR_LN_FIN02,-2.02,,In Tolerance,N/A,0
753,2026-08-13,1,AAPL,Equity,Technology,305.26,300.79,TDR_NY_TECH01,-1.46,,In Tolerance,N/A,0
754,2026-08-13,8,BAC,Equity,Financials,64.09,65.1,TDR_NY_FIN01,1.58,,In Tolerance,N/A,0
755,2026-08-13,3,GOOGL,Equity,Technology,346.36,341.43,TDR_NY_TECH02,-1.42,,In Tolerance,N/A,0
756,2026-08-13,5,GS,Equity,Financials,1042.63,1083.8,TDR_LN_FIN02,3.95,49.0,Minor,Open,1
757,2026-08-13,4,JPM,Equity,Financials,363.11,365.8,TDR_NY_FIN01,0.74,,In Tolerance,N/A,0
758,2026-08-13,7,MS,Equity,Financials,218.38,218.99,TDR_NY_FIN01,0.28,,In Tolerance,N/A,0
759,2026-08-13,2,MSFT,Equity,Technology,496.88,490.48,TDR_NY_TECH01,-1.29,,In Tolerance,N/A,0
760,2026-08-13,6,UBS,Equity,Financials,53.73,54.29,TDR_LN_FIN02,1.04,,In Tolerance,N/A,0
761,2026-08-14,1,AAPL,Equity,Technology,305.93,303.29,TDR_NY_TECH01,-0.86,,In Tolerance,N/A,0
762,2026-08-14,8,BAC,Equity,Financials,64.49,64.61,TDR_NY_FIN01,0.19,,In Tolerance,N/A,0
763,2026-08-14,3,GOOGL,Equity,Technology,345.9,359.18,TDR_NY_TECH02,3.84,50.0,Minor,Open,1
764,2026-08-14,5,GS,Equity,Financials,1039.42,1037.92,TDR_LN_FIN02,-0.14,,In Tolerance,N/A,0
765,2026-08-14,4,JPM,Equity,Financials,362.84,369.1,TDR_NY_FIN01,1.73,,In Tolerance,N/A,0
766,2026-08-14,7,MS,Equity,Financials,217.36,215.07,TDR_NY_FIN01,-1.05,,In Tolerance,N/A,0
767,2026-08-14,2,MSFT,Equity,Technology,495.4,523.66,TDR_NY_TECH01,5.7,51.0,Major,Open,1
768,2026-08-14,6,UBS,Equity,Financials,53.63,55.05,TDR_LN_FIN02,2.65,,In Tolerance,N/A,0
769,2026-08-17,1,AAPL,Equity,Technology,305.59,302.72,TDR_NY_TECH01,-0.94,,In Tolerance,N/A,0
770,2026-08-17,8,BAC,Equity,Financials,63.89,65.63,TDR_NY_FIN01,2.72,,In Tolerance,N/A,0
771,2026-08-17,3,GOOGL,Equity,Technology,344.0,347.65,TDR_NY_TECH02,1.06,,In Tolerance,N/A,0
772,2026-08-17,5,GS,Equity,Financials,1051.31,1042.44,TDR_LN_FIN02,-0.84,,In Tolerance,N/A,0
773,2026-08-17,4,JPM,Equity,Financials,360.96,364.38,TDR_NY_FIN01,0.95,,In Tolerance,N/A,0
774,2026-08-17,7,MS,Equity,Financials,218.21,221.39,TDR_NY_FIN01,1.46,,In Tolerance,N/A,0
775,2026-08-17,2,MSFT,Equity,Technology,480.35,484.83,TDR_NY_TECH01,0.93,,In Tolerance,N/A,0
776,2026-08-17,6,UBS,Equity,Financials,53.44,52.18,TDR_LN_FIN02,-2.36,,In Tolerance,N/A,0
777,2026-08-18,1,AAPL,Equity,Technology,310.03,306.65,TDR_NY_TECH01,-1.09,,In Tolerance,N/A,0
778,2026-08-18,8,BAC,Equity,Financials,64.23,63.99,TDR_NY_FIN01,-0.37,,In Tolerance,N/A,0
779,2026-08-18,3,GOOGL,Equity,Technology,344.2,343.82,TDR_NY_TECH02,-0.11,,In Tolerance,N/A,0
780,2026-08-18,5,GS,Equity,Financials,1040.47,1050.16,TDR_LN_FIN02,0.93,,In Tolerance,N/A,0
781,2026-08-18,4,JPM,Equity,Financials,363.25,364.22,TDR_NY_FIN01,0.27,,In Tolerance,N/A,0
782,2026-08-18,7,MS,Equity,Financials,217.55,213.19,TDR_NY_FIN01,-2.0,,In Tolerance,N/A,0
783,2026-08-18,2,MSFT,Equity,Technology,481.63,484.38,TDR_NY_TECH01,0.57,,In Tolerance,N/A,0
784,2026-08-18,6,UBS,Equity,Financials,52.97,53.46,TDR_LN_FIN02,0.93,,In Tolerance,N/A,0
785,2026-08-19,1,AAPL,Equity,Technology,316.83,319.49,TDR_NY_TECH01,0.84,,In Tolerance,N/A,0
786,2026-08-19,8,BAC,Equity,Financials,63.17,64.19,TDR_NY_FIN01,1.61,,In Tolerance,N/A,0
787,2026-08-19,3,GOOGL,Equity,Technology,344.72,349.03,TDR_NY_TECH02,1.25,,In Tolerance,N/A,0
788,2026-08-19,5,GS,Equity,Financials,1021.65,1028.69,TDR_LN_FIN02,0.69,,In Tolerance,N/A,0
789,2026-08-19,4,JPM,Equity,Financials,357.26,356.88,TDR_NY_FIN01,-0.11,,In Tolerance,N/A,0
790,2026-08-19,7,MS,Equity,Financials,214.23,208.89,TDR_NY_FIN01,-2.49,,In Tolerance,N/A,0
791,2026-08-19,2,MSFT,Equity,Technology,484.31,487.43,TDR_NY_TECH01,0.64,,In Tolerance,N/A,0
792,2026-08-19,6,UBS,Equity,Financials,53.13,53.3,TDR_LN_FIN02,0.32,,In Tolerance,N/A,0
793,2026-08-20,1,AAPL,Equity,Technology,311.3,312.57,TDR_NY_TECH01,0.41,,In Tolerance,N/A,0
794,2026-08-20,8,BAC,Equity,Financials,61.86,60.68,TDR_NY_FIN01,-1.91,,In Tolerance,N/A,0
795,2026-08-20,3,GOOGL,Equity,Technology,340.67,335.15,TDR_NY_TECH02,-1.62,,In Tolerance,N/A,0
796,2026-08-20,5,GS,Equity,Financials,1001.95,1017.78,TDR_LN_FIN02,1.58,,In Tolerance,N/A,0
797,2026-08-20,4,JPM,Equity,Financials,351.55,351.34,TDR_NY_FIN01,-0.06,,In Tolerance,N/A,0
798,2026-08-20,7,MS,Equity,Financials,207.45,209.57,TDR_NY_FIN01,1.02,,In Tolerance,N/A,0
799,2026-08-20,2,MSFT,Equity,Technology,481.15,442.71,TDR_NY_TECH01,-7.99,52.0,Major,Open,1
800,2026-08-20,6,UBS,Equity,Financials,53.2,53.22,TDR_LN_FIN02,0.04,,In Tolerance,N/A,0
801,2026-08-21,1,AAPL,Equity,Technology,309.35,313.7,TDR_NY_TECH01,1.41,,In Tolerance,N/A,0
802,2026-08-21,8,BAC,Equity,Financials,61.69,61.21,TDR_NY_FIN01,-0.78,,In Tolerance,N/A,0
803,2026-08-21,3,GOOGL,Equity,Technology,344.82,345.32,TDR_NY_TECH02,0.15,,In Tolerance,N/A,0
804,2026-08-21,5,GS,Equity,Financials,1039.28,1032.07,TDR_LN_FIN02,-0.69,,In Tolerance,N/A,0
805,2026-08-21,4,JPM,Equity,Financials,351.58,349.29,TDR_NY_FIN01,-0.65,,In Tolerance,N/A,0
806,2026-08-21,7,MS,Equity,Financials,214.2,213.21,TDR_NY_FIN01,-0.46,,In Tolerance,N/A,0
807,2026-08-21,2,MSFT,Equity,Technology,483.24,484.85,TDR_NY_TECH01,0.33,,In Tolerance,N/A,0
808,2026-08-21,6,UBS,Equity,Financials,53.29,52.91,TDR_LN_FIN02,-0.71,,In Tolerance,N/A,0
809,2026-08-24,1,AAPL,Equity,Technology,310.34,316.19,TDR_NY_TECH01,1.89,,In Tolerance,N/A,0
810,2026-08-24,8,BAC,Equity,Financials,62.33,61.49,TDR_NY_FIN01,-1.35,,In Tolerance,N/A,0
811,2026-08-24,3,GOOGL,Equity,Technology,348.06,347.08,TDR_NY_TECH02,-0.28,,In Tolerance,N/A,0
812,2026-08-24,5,GS,Equity,Financials,1036.28,1029.44,TDR_LN_FIN02,-0.66,,In Tolerance,N/A,0
813,2026-08-24,4,JPM,Equity,Financials,356.39,364.13,TDR_NY_FIN01,2.17,,In Tolerance,N/A,0
814,2026-08-24,7,MS,Equity,Financials,214.08,214.71,TDR_NY_FIN01,0.29,,In Tolerance,N/A,0
815,2026-08-24,2,MSFT,Equity,Technology,487.31,494.85,TDR_NY_TECH01,1.55,,In Tolerance,N/A,0
816,2026-08-24,6,UBS,Equity,Financials,53.71,52.51,TDR_LN_FIN02,-2.23,,In Tolerance,N/A,0
817,2026-08-25,1,AAPL,Equity,Technology,309.9,311.14,TDR_NY_TECH01,0.4,,In Tolerance,N/A,0
818,2026-08-25,8,BAC,Equity,Financials,62.43,63.26,TDR_NY_FIN01,1.33,,In Tolerance,N/A,0
819,2026-08-25,3,GOOGL,Equity,Technology,346.96,347.39,TDR_NY_TECH02,0.12,,In Tolerance,N/A,0
820,2026-08-25,5,GS,Equity,Financials,1058.88,1075.8,TDR_LN_FIN02,1.6,,In Tolerance,N/A,0
821,2026-08-25,4,JPM,Equity,Financials,356.69,353.92,TDR_NY_FIN01,-0.78,,In Tolerance,N/A,0
822,2026-08-25,7,MS,Equity,Financials,216.77,221.35,TDR_NY_FIN01,2.11,,In Tolerance,N/A,0
823,2026-08-25,2,MSFT,Equity,Technology,491.71,508.67,TDR_NY_TECH01,3.45,53.0,Minor,Open,1
824,2026-08-25,6,UBS,Equity,Financials,54.23,53.93,TDR_LN_FIN02,-0.55,,In Tolerance,N/A,0
825,2026-08-26,1,AAPL,Equity,Technology,313.45,311.36,TDR_NY_TECH01,-0.67,,In Tolerance,N/A,0
826,2026-08-26,8,BAC,Equity,Financials,62.23,63.59,TDR_NY_FIN01,2.19,,In Tolerance,N/A,0
827,2026-08-26,3,GOOGL,Equity,Technology,342.0,350.1,TDR_NY_TECH02,2.37,,In Tolerance,N/A,0
828,2026-08-26,5,GS,Equity,Financials,1040.46,1032.3,TDR_LN_FIN02,-0.78,,In Tolerance,N/A,0
829,2026-08-26,4,JPM,Equity,Financials,356.5,354.25,TDR_NY_FIN01,-0.63,,In Tolerance,N/A,0
830,2026-08-26,7,MS,Equity,Financials,214.08,213.18,TDR_NY_FIN01,-0.42,,In Tolerance,N/A,0
831,2026-08-26,2,MSFT,Equity,Technology,496.37,486.36,TDR_NY_TECH01,-2.02,,In Tolerance,N/A,0
832,2026-08-26,6,UBS,Equity,Financials,54.52,53.77,TDR_LN_FIN02,-1.38,,In Tolerance,N/A,0
833,2026-08-27,1,AAPL,Equity,Technology,314.58,309.84,TDR_NY_TECH01,-1.51,,In Tolerance,N/A,0
834,2026-08-27,8,BAC,Equity,Financials,61.17,60.47,TDR_NY_FIN01,-1.14,,In Tolerance,N/A,0
835,2026-08-27,3,GOOGL,Equity,Technology,340.65,340.47,TDR_NY_TECH02,-0.05,,In Tolerance,N/A,0
836,2026-08-27,5,GS,Equity,Financials,1040.87,1044.53,TDR_LN_FIN02,0.35,,In Tolerance,N/A,0
837,2026-08-27,4,JPM,Equity,Financials,354.22,362.46,TDR_NY_FIN01,2.33,,In Tolerance,N/A,0
838,2026-08-27,7,MS,Equity,Financials,214.86,211.64,TDR_NY_FIN01,-1.5,,In Tolerance,N/A,0
839,2026-08-27,2,MSFT,Equity,Technology,505.06,512.52,TDR_NY_TECH01,1.48,,In Tolerance,N/A,0
840,2026-08-27,6,UBS,Equity,Financials,54.36,54.19,TDR_LN_FIN02,-0.31,,In Tolerance,N/A,0
841,2026-08-28,1,AAPL,Equity,Technology,319.7,319.46,TDR_NY_TECH01,-0.08,,In Tolerance,N/A,0
842,2026-08-28,8,BAC,Equity,Financials,62.32,62.95,TDR_NY_FIN01,1.01,,In Tolerance,N/A,0
843,2026-08-28,3,GOOGL,Equity,Technology,346.59,340.75,TDR_NY_TECH02,-1.68,,In Tolerance,N/A,0
844,2026-08-28,5,GS,Equity,Financials,1033.99,1039.92,TDR_LN_FIN02,0.57,,In Tolerance,N/A,0
845,2026-08-28,4,JPM,Equity,Financials,357.62,358.51,TDR_NY_FIN01,0.25,,In Tolerance,N/A,0
846,2026-08-28,7,MS,Equity,Financials,214.77,216.36,TDR_NY_FIN01,0.74,,In Tolerance,N/A,0
847,2026-08-28,2,MSFT,Equity,Technology,513.53,515.76,TDR_NY_TECH01,0.43,,In Tolerance,N/A,0
848,2026-08-28,6,UBS,Equity,Financials,54.9,56.92,TDR_LN_FIN02,3.68,54.0,Minor,Open,1
849,2026-08-31,1,AAPL,Equity,Technology,316.85,313.82,TDR_NY_TECH01,-0.96,,In Tolerance,N/A,0
850,2026-08-31,8,BAC,Equity,Financials,61.94,61.45,TDR_NY_FIN01,-0.79,,In Tolerance,N/A,0
851,2026-08-31,3,GOOGL,Equity,Technology,339.35,336.18,TDR_NY_TECH02,-0.93,,In Tolerance,N/A,0
852,2026-08-31,5,GS,Equity,Financials,1025.9,1017.35,TDR_LN_FIN02,-0.83,,In Tolerance,N/A,0
853,2026-08-31,4,JPM,Equity,Financials,356.02,352.62,TDR_NY_FIN01,-0.96,,In Tolerance,N/A,0
854,2026-08-31,7,MS,Equity,Financials,213.32,217.12,TDR_NY_FIN01,1.78,,In Tolerance,N/A,0
855,2026-08-31,2,MSFT,Equity,Technology,507.29,518.1,TDR_NY_TECH01,2.13,,In Tolerance,N/A,0
856,2026-08-31,6,UBS,Equity,Financials,55.72,55.24,TDR_LN_FIN02,-0.86,,In Tolerance,N/A,0
857,2026-09-01,1,AAPL,Equity,Technology,325.13,321.07,TDR_NY_TECH01,-1.25,,In Tolerance,N/A,0
858,2026-09-01,8,BAC,Equity,Financials,61.99,62.43,TDR_NY_FIN01,0.71,,In Tolerance,N/A,0
859,2026-09-01,3,GOOGL,Equity,Technology,335.02,332.24,TDR_NY_TECH02,-0.83,,In Tolerance,N/A,0
860,2026-09-01,5,GS,Equity,Financials,1002.56,1012.08,TDR_LN_FIN02,0.95,,In Tolerance,N/A,0
861,2026-09-01,4,JPM,Equity,Financials,354.95,356.03,TDR_NY_FIN01,0.3,,In Tolerance,N/A,0
862,2026-09-01,7,MS,Equity,Financials,211.04,206.24,TDR_NY_FIN01,-2.27,,In Tolerance,N/A,0
863,2026-09-01,2,MSFT,Equity,Technology,501.02,512.65,TDR_NY_TECH01,2.32,,In Tolerance,N/A,0
864,2026-09-01,6,UBS,Equity,Financials,54.14,55.6,TDR_LN_FIN02,2.7,,In Tolerance,N/A,0
865,2026-09-02,1,AAPL,Equity,Technology,324.96,321.97,TDR_NY_TECH01,-0.92,,In Tolerance,N/A,0
866,2026-09-02,8,BAC,Equity,Financials,62.6,62.24,TDR_NY_FIN01,-0.58,,In Tolerance,N/A,0
867,2026-09-02,3,GOOGL,Equity,Technology,337.12,338.57,TDR_NY_TECH02,0.43,,In Tolerance,N/A,0
868,2026-09-02,5,GS,Equity,Financials,1004.42,1009.46,TDR_LN_FIN02,0.5,,In Tolerance,N/A,0
869,2026-09-02,4,JPM,Equity,Financials,356.22,359.74,TDR_NY_FIN01,0.99,,In Tolerance,N/A,0
870,2026-09-02,7,MS,Equity,Financials,211.82,218.21,TDR_NY_FIN01,3.02,55.0,Minor,Open,1
871,2026-09-02,2,MSFT,Equity,Technology,496.82,495.5,TDR_NY_TECH01,-0.27,,In Tolerance,N/A,0
872,2026-09-02,6,UBS,Equity,Financials,54.9,54.24,TDR_LN_FIN02,-1.2,,In Tolerance,N/A,0
873,2026-09-03,1,AAPL,Equity,Technology,328.21,321.42,TDR_NY_TECH01,-2.07,,In Tolerance,N/A,0
874,2026-09-03,8,BAC,Equity,Financials,63.04,62.35,TDR_NY_FIN01,-1.09,,In Tolerance,N/A,0
875,2026-09-03,3,GOOGL,Equity,Technology,342.48,342.31,TDR_NY_TECH02,-0.05,,In Tolerance,N/A,0
876,2026-09-03,5,GS,Equity,Financials,1037.93,1065.87,TDR_LN_FIN02,2.69,,In Tolerance,N/A,0
877,2026-09-03,4,JPM,Equity,Financials,362.06,359.25,TDR_NY_FIN01,-0.78,,In Tolerance,N/A,0
878,2026-09-03,7,MS,Equity,Financials,217.15,217.88,TDR_NY_FIN01,0.34,,In Tolerance,N/A,0
879,2026-09-03,2,MSFT,Equity,Technology,510.12,509.99,TDR_NY_TECH01,-0.03,,In Tolerance,N/A,0
880,2026-09-03,6,UBS,Equity,Financials,55.68,56.67,TDR_LN_FIN02,1.78,,In Tolerance,N/A,0
881,2026-09-04,1,AAPL,Equity,Technology,319.97,332.1,TDR_NY_TECH01,3.79,56.0,Minor,Open,1
882,2026-09-04,8,BAC,Equity,Financials,62.68,62.18,TDR_NY_FIN01,-0.8,,In Tolerance,N/A,0
883,2026-09-04,3,GOOGL,Equity,Technology,338.46,335.98,TDR_NY_TECH02,-0.73,,In Tolerance,N/A,0
884,2026-09-04,5,GS,Equity,Financials,1038.61,1054.88,TDR_LN_FIN02,1.57,,In Tolerance,N/A,0
885,2026-09-04,4,JPM,Equity,Financials,358.64,362.31,TDR_NY_FIN01,1.02,,In Tolerance,N/A,0
886,2026-09-04,7,MS,Equity,Financials,217.72,223.75,TDR_NY_FIN01,2.77,,In Tolerance,N/A,0
887,2026-09-04,2,MSFT,Equity,Technology,499.7,504.08,TDR_NY_TECH01,0.88,,In Tolerance,N/A,0
888,2026-09-04,6,UBS,Equity,Financials,55.38,55.08,TDR_LN_FIN02,-0.54,,In Tolerance,N/A,0
889,2026-09-08,1,AAPL,Equity,Technology,316.22,319.02,TDR_NY_TECH01,0.89,,In Tolerance,N/A,0
890,2026-09-08,8,BAC,Equity,Financials,62.39,63.43,TDR_NY_FIN01,1.67,,In Tolerance,N/A,0
891,2026-09-08,3,GOOGL,Equity,Technology,338.36,342.52,TDR_NY_TECH02,1.23,,In Tolerance,N/A,0
892,2026-09-08,5,GS,Equity,Financials,1036.53,1044.42,TDR_LN_FIN02,0.76,,In Tolerance,N/A,0
893,2026-09-08,4,JPM,Equity,Financials,353.51,359.17,TDR_NY_FIN01,1.6,,In Tolerance,N/A,0
894,2026-09-08,7,MS,Equity,Financials,216.24,220.03,TDR_NY_FIN01,1.75,,In Tolerance,N/A,0
895,2026-09-08,2,MSFT,Equity,Technology,493.95,504.19,TDR_NY_TECH01,2.07,,In Tolerance,N/A,0
896,2026-09-08,6,UBS,Equity,Financials,55.07,55.61,TDR_LN_FIN02,0.98,,In Tolerance,N/A,0
897,2026-09-09,1,AAPL,Equity,Technology,315.34,314.55,TDR_NY_TECH01,-0.25,,In Tolerance,N/A,0
898,2026-09-09,8,BAC,Equity,Financials,62.67,62.81,TDR_NY_FIN01,0.22,,In Tolerance,N/A,0
899,2026-09-09,3,GOOGL,Equity,Technology,330.65,336.63,TDR_NY_TECH02,1.81,,In Tolerance,N/A,0
900,2026-09-09,5,GS,Equity,Financials,1028.78,1016.17,TDR_LN_FIN02,-1.23,,In Tolerance,N/A,0
901,2026-09-09,4,JPM,Equity,Financials,354.71,356.67,TDR_NY_FIN01,0.55,,In Tolerance,N/A,0
902,2026-09-09,7,MS,Equity,Financials,215.35,214.08,TDR_NY_FIN01,-0.59,,In Tolerance,N/A,0
903,2026-09-09,2,MSFT,Equity,Technology,491.65,491.86,TDR_NY_TECH01,0.04,,In Tolerance,N/A,0
904,2026-09-09,6,UBS,Equity,Financials,54.84,55.89,TDR_LN_FIN02,1.91,,In Tolerance,N/A,0
905,2026-09-10,1,AAPL,Equity,Technology,326.57,327.51,TDR_NY_TECH01,0.29,,In Tolerance,N/A,0
906,2026-09-10,8,BAC,Equity,Financials,62.56,62.6,TDR_NY_FIN01,0.06,,In Tolerance,N/A,0
907,2026-09-10,3,GOOGL,Equity,Technology,332.6,325.82,TDR_NY_TECH02,-2.04,,In Tolerance,N/A,0
908,2026-09-10,5,GS,Equity,Financials,1019.77,1031.19,TDR_LN_FIN02,1.12,,In Tolerance,N/A,0
909,2026-09-10,4,JPM,Equity,Financials,353.56,356.98,TDR_NY_FIN01,0.97,,In Tolerance,N/A,0
910,2026-09-10,7,MS,Equity,Financials,212.66,219.56,TDR_NY_FIN01,3.24,57.0,Minor,Open,1
911,2026-09-10,2,MSFT,Equity,Technology,492.44,490.17,TDR_NY_TECH01,-0.46,,In Tolerance,N/A,0
912,2026-09-10,6,UBS,Equity,Financials,54.01,54.19,TDR_LN_FIN02,0.33,,In Tolerance,N/A,0
913,2026-09-11,1,AAPL,Equity,Technology,332.27,333.51,TDR_NY_TECH01,0.37,,In Tolerance,N/A,0
914,2026-09-11,8,BAC,Equity,Financials,62.69,64.17,TDR_NY_FIN01,2.36,,In Tolerance,N/A,0
915,2026-09-11,3,GOOGL,Equity,Technology,338.5,338.02,TDR_NY_TECH02,-0.14,,In Tolerance,N/A,0
916,2026-09-11,5,GS,Equity,Financials,1029.18,1033.49,TDR_LN_FIN02,0.42,,In Tolerance,N/A,0
917,2026-09-11,4,JPM,Equity,Financials,356.23,359.48,TDR_NY_FIN01,0.91,,In Tolerance,N/A,0
918,2026-09-11,7,MS,Equity,Financials,214.38,214.98,TDR_NY_FIN01,0.28,,In Tolerance,N/A,0
919,2026-09-11,2,MSFT,Equity,Technology,495.63,492.31,TDR_NY_TECH01,-0.67,,In Tolerance,N/A,0
920,2026-09-11,6,UBS,Equity,Financials,54.58,54.74,TDR_LN_FIN02,0.29,,In Tolerance,N/A,0
921,2026-09-14,1,AAPL,Equity,Technology,333.08,338.44,TDR_NY_TECH01,1.61,,In Tolerance,N/A,0
922,2026-09-14,8,BAC,Equity,Financials,59.47,58.55,TDR_NY_FIN01,-1.55,,In Tolerance,N/A,0
923,2026-09-14,3,GOOGL,Equity,Technology,349.39,350.09,TDR_NY_TECH02,0.2,,In Tolerance,N/A,0
924,2026-09-14,5,GS,Equity,Financials,988.45,978.07,TDR_LN_FIN02,-1.05,,In Tolerance,N/A,0
925,2026-09-14,4,JPM,Equity,Financials,350.13,356.41,TDR_NY_FIN01,1.79,,In Tolerance,N/A,0
926,2026-09-14,7,MS,Equity,Financials,206.58,201.86,TDR_NY_FIN01,-2.28,,In Tolerance,N/A,0
927,2026-09-14,2,MSFT,Equity,Technology,505.41,501.17,TDR_NY_TECH01,-0.84,,In Tolerance,N/A,0
928,2026-09-14,6,UBS,Equity,Financials,52.99,53.29,TDR_LN_FIN02,0.57,,In Tolerance,N/A,0
929,2026-09-15,1,AAPL,Equity,Technology,331.34,339.12,TDR_NY_TECH01,2.35,,In Tolerance,N/A,0
930,2026-09-15,8,BAC,Equity,Financials,59.52,59.46,TDR_NY_FIN01,-0.1,,In Tolerance,N/A,0
931,2026-09-15,3,GOOGL,Equity,Technology,344.98,342.11,TDR_NY_TECH02,-0.83,,In Tolerance,N/A,0
932,2026-09-15,5,GS,Equity,Financials,976.67,1004.23,TDR_LN_FIN02,2.82,,In Tolerance,N/A,0
933,2026-09-15,4,JPM,Equity,Financials,352.49,344.83,TDR_NY_FIN01,-2.17,,In Tolerance,N/A,0
934,2026-09-15,7,MS,Equity,Financials,206.28,199.48,TDR_NY_FIN01,-3.3,58.0,Minor,Open,1
935,2026-09-15,2,MSFT,Equity,Technology,497.12,500.4,TDR_NY_TECH01,0.66,,In Tolerance,N/A,0
936,2026-09-15,6,UBS,Equity,Financials,51.49,51.1,TDR_LN_FIN02,-0.76,,In Tolerance,N/A,0
937,2026-09-16,1,AAPL,Equity,Technology,332.41,358.99,TDR_NY_TECH01,8.0,59.0,Major,Open,1
938,2026-09-16,8,BAC,Equity,Financials,57.9,58.52,TDR_NY_FIN01,1.07,,In Tolerance,N/A,0
939,2026-09-16,3,GOOGL,Equity,Technology,342.87,344.12,TDR_NY_TECH02,0.36,,In Tolerance,N/A,0
940,2026-09-16,5,GS,Equity,Financials,937.98,930.04,TDR_LN_FIN02,-0.85,,In Tolerance,N/A,0
941,2026-09-16,4,JPM,Equity,Financials,348.92,342.22,TDR_NY_FIN01,-1.92,,In Tolerance,N/A,0
942,2026-09-16,7,MS,Equity,Financials,202.42,205.07,TDR_NY_FIN01,1.31,,In Tolerance,N/A,0
943,2026-09-16,2,MSFT,Equity,Technology,490.3,495.08,TDR_NY_TECH01,0.97,,In Tolerance,N/A,0
944,2026-09-16,6,UBS,Equity,Financials,50.42,50.34,TDR_LN_FIN02,-0.16,,In Tolerance,N/A,0
945,2026-09-17,1,AAPL,Equity,Technology,337.0,346.33,TDR_NY_TECH01,2.77,,In Tolerance,N/A,0
946,2026-09-17,8,BAC,Equity,Financials,58.18,57.25,TDR_NY_FIN01,-1.6,,In Tolerance,N/A,0
947,2026-09-17,3,GOOGL,Equity,Technology,347.33,339.38,TDR_NY_TECH02,-2.29,,In Tolerance,N/A,0
948,2026-09-17,5,GS,Equity,Financials,951.47,941.6,TDR_LN_FIN02,-1.04,,In Tolerance,N/A,0
949,2026-09-17,4,JPM,Equity,Financials,349.31,349.07,TDR_NY_FIN01,-0.07,,In Tolerance,N/A,0
950,2026-09-17,7,MS,Equity,Financials,203.52,204.26,TDR_NY_FIN01,0.36,,In Tolerance,N/A,0
951,2026-09-17,2,MSFT,Equity,Technology,497.75,495.95,TDR_NY_TECH01,-0.36,,In Tolerance,N/A,0
952,2026-09-17,6,UBS,Equity,Financials,50.62,50.89,TDR_LN_FIN02,0.53,,In Tolerance,N/A,0
953,2026-09-18,1,AAPL,Equity,Technology,336.13,329.82,TDR_NY_TECH01,-1.88,,In Tolerance,N/A,0
954,2026-09-18,8,BAC,Equity,Financials,57.73,58.98,TDR_NY_FIN01,2.17,,In Tolerance,N/A,0
955,2026-09-18,3,GOOGL,Equity,Technology,349.54,349.11,TDR_NY_TECH02,-0.12,,In Tolerance,N/A,0
956,2026-09-18,5,GS,Equity,Financials,942.0,957.79,TDR_LN_FIN02,1.68,,In Tolerance,N/A,0
957,2026-09-18,4,JPM,Equity,Financials,349.67,351.47,TDR_NY_FIN01,0.51,,In Tolerance,N/A,0
958,2026-09-18,7,MS,Equity,Financials,202.58,203.97,TDR_NY_FIN01,0.69,,In Tolerance,N/A,0
959,2026-09-18,2,MSFT,Equity,Technology,493.78,498.0,TDR_NY_TECH01,0.85,,In Tolerance,N/A,0
960,2026-09-18,6,UBS,Equity,Financials,50.69,51.03,TDR_LN_FIN02,0.67,,In Tolerance,N/A,0
961,2026-09-21,1,AAPL,Equity,Technology,338.98,342.25,TDR_NY_TECH01,0.96,,In Tolerance,N/A,0
962,2026-09-21,8,BAC,Equity,Financials,57.96,59.12,TDR_NY_FIN01,2.0,,In Tolerance,N/A,0
963,2026-09-21,3,GOOGL,Equity,Technology,354.97,356.02,TDR_NY_TECH02,0.3,,In Tolerance,N/A,0
964,2026-09-21,5,GS,Equity,Financials,959.39,969.59,TDR_LN_FIN02,1.06,,In Tolerance,N/A,0
965,2026-09-21,4,JPM,Equity,Financials,352.04,351.57,TDR_NY_FIN01,-0.13,,In Tolerance,N/A,0
966,2026-09-21,7,MS,Equity,Financials,206.12,210.57,TDR_NY_FIN01,2.16,,In Tolerance,N/A,0
967,2026-09-21,2,MSFT,Equity,Technology,501.61,496.52,TDR_NY_TECH01,-1.01,,In Tolerance,N/A,0
968,2026-09-21,6,UBS,Equity,Financials,51.06,52.44,TDR_LN_FIN02,2.7,,In Tolerance,N/A,0
969,2026-09-22,1,AAPL,Equity,Technology,339.75,339.55,TDR_NY_TECH01,-0.06,,In Tolerance,N/A,0
970,2026-09-22,8,BAC,Equity,Financials,56.2,54.99,TDR_NY_FIN01,-2.15,,In Tolerance,N/A,0
971,2026-09-22,3,GOOGL,Equity,Technology,351.16,351.83,TDR_NY_TECH02,0.19,,In Tolerance,N/A,0
972,2026-09-22,5,GS,Equity,Financials,949.49,939.79,TDR_LN_FIN02,-1.02,,In Tolerance,N/A,0
973,2026-09-22,4,JPM,Equity,Financials,340.0,344.29,TDR_NY_FIN01,1.26,,In Tolerance,N/A,0
974,2026-09-22,7,MS,Equity,Financials,200.18,198.22,TDR_NY_FIN01,-0.98,,In Tolerance,N/A,0
975,2026-09-22,2,MSFT,Equity,Technology,498.0,533.08,TDR_NY_TECH01,7.04,60.0,Major,Open,1
976,2026-09-22,6,UBS,Equity,Financials,49.19,47.8,TDR_LN_FIN02,-2.83,,In Tolerance,N/A,0
977,2026-09-23,1,AAPL,Equity,Technology,337.02,334.73,TDR_NY_TECH01,-0.68,,In Tolerance,N/A,0
978,2026-09-23,8,BAC,Equity,Financials,56.0,53.96,TDR_NY_FIN01,-3.64,61.0,Minor,Open,1
979,2026-09-23,3,GOOGL,Equity,Technology,337.83,329.8,TDR_NY_TECH02,-2.38,,In Tolerance,N/A,0
980,2026-09-23,5,GS,Equity,Financials,936.36,947.04,TDR_LN_FIN02,1.14,,In Tolerance,N/A,0
981,2026-09-23,4,JPM,Equity,Financials,337.53,341.51,TDR_NY_FIN01,1.18,,In Tolerance,N/A,0
982,2026-09-23,7,MS,Equity,Financials,198.39,199.66,TDR_NY_FIN01,0.64,,In Tolerance,N/A,0
983,2026-09-23,2,MSFT,Equity,Technology,500.59,493.33,TDR_NY_TECH01,-1.45,,In Tolerance,N/A,0
984,2026-09-23,6,UBS,Equity,Financials,47.74,47.71,TDR_LN_FIN02,-0.06,,In Tolerance,N/A,0
985,2026-09-24,1,AAPL,Equity,Technology,335.92,335.9,TDR_NY_TECH01,-0.01,,In Tolerance,N/A,0
986,2026-09-24,8,BAC,Equity,Financials,56.03,55.06,TDR_NY_FIN01,-1.73,,In Tolerance,N/A,0
987,2026-09-24,3,GOOGL,Equity,Technology,342.36,350.08,TDR_NY_TECH02,2.25,,In Tolerance,N/A,0
988,2026-09-24,5,GS,Equity,Financials,923.29,935.44,TDR_LN_FIN02,1.32,,In Tolerance,N/A,0
989,2026-09-24,4,JPM,Equity,Financials,338.56,337.44,TDR_NY_FIN01,-0.33,,In Tolerance,N/A,0
990,2026-09-24,7,MS,Equity,Financials,196.32,196.4,TDR_NY_FIN01,0.04,,In Tolerance,N/A,0
991,2026-09-24,2,MSFT,Equity,Technology,497.93,499.49,TDR_NY_TECH01,0.31,,In Tolerance,N/A,0
992,2026-09-24,6,UBS,Equity,Financials,48.46,46.98,TDR_LN_FIN02,-3.05,62.0,Minor,Open,1
993,2026-09-25,1,AAPL,Equity,Technology,341.07,339.81,TDR_NY_TECH01,-0.37,,In Tolerance,N/A,0
994,2026-09-25,8,BAC,Equity,Financials,56.7,56.12,TDR_NY_FIN01,-1.02,,In Tolerance,N/A,0
995,2026-09-25,3,GOOGL,Equity,Technology,343.92,338.75,TDR_NY_TECH02,-1.5,,In Tolerance,N/A,0
996,2026-09-25,5,GS,Equity,Financials,935.45,931.51,TDR_LN_FIN02,-0.42,,In Tolerance,N/A,0
997,2026-09-25,4,JPM,Equity,Financials,343.06,352.31,TDR_NY_FIN01,2.7,,In Tolerance,N/A,0
998,2026-09-25,7,MS,Equity,Financials,196.31,198.2,TDR_NY_FIN01,0.96,,In Tolerance,N/A,0
999,2026-09-25,2,MSFT,Equity,Technology,516.17,511.75,TDR_NY_TECH01,-0.86,,In Tolerance,N/A,0
1000,2026-09-25,6,UBS,Equity,Financials,49.67,50.1,TDR_LN_FIN02,0.87,,In Tolerance,N/A,0
1001,2026-09-28,1,AAPL,Equity,Technology,338.4,345.5,TDR_NY_TECH01,2.1,,In Tolerance,N/A,0
1002,2026-09-28,8,BAC,Equity,Financials,55.47,56.24,TDR_NY_FIN01,1.39,,In Tolerance,N/A,0
1003,2026-09-28,3,GOOGL,Equity,Technology,342.75,343.06,TDR_NY_TECH02,0.09,,In Tolerance,N/A,0
1004,2026-09-28,5,GS,Equity,Financials,916.28,907.39,TDR_LN_FIN02,-0.97,,In Tolerance,N/A,0
1005,2026-09-28,4,JPM,Equity,Financials,336.59,340.12,TDR_NY_FIN01,1.05,,In Tolerance,N/A,0
1006,2026-09-28,7,MS,Equity,Financials,193.64,194.78,TDR_NY_FIN01,0.59,,In Tolerance,N/A,0
1007,2026-09-28,2,MSFT,Equity,Technology,509.22,516.06,TDR_NY_TECH01,1.34,,In Tolerance,N/A,0
1008,2026-09-28,6,UBS,Equity,Financials,48.62,49.08,TDR_LN_FIN02,0.95,,In Tolerance,N/A,0
