Date,Ticker,TraderMark,TraderID
2026-03-30,AAPL,248.47,TDR_NY_TECH01
2026-03-30,BAC,47.13,TDR_NY_FIN01
2026-03-30,GOOGL,276.16,TDR_NY_TECH02
2026-03-30,GS,826.05,TDR_LN_FIN02
2026-03-30,JPM,282.77,TDR_NY_FIN01
2026-03-30,MS,157.81,TDR_NY_FIN01
2026-03-30,MSFT,367.46,TDR_NY_TECH01
2026-03-30,UBS,37.09,TDR_LN_FIN02
2026-03-31,AAPL,252.0,TDR_NY_TECH01
2026-03-31,BAC,49.15,TDR_NY_FIN01
2026-03-31,GOOGL,285.56,TDR_NY_TECH02
2026-03-31,GS,840.08,TDR_LN_FIN02
2026-03-31,JPM,295.23,TDR_NY_FIN01
2026-03-31,MS,159.85,TDR_NY_FIN01
2026-03-31,MSFT,360.59,TDR_NY_TECH01
2026-03-31,UBS,38.74,TDR_LN_FIN02
2026-04-01,AAPL,251.75,TDR_NY_TECH01
2026-04-01,BAC,49.5,TDR_NY_FIN01
2026-04-01,GOOGL,293.34,TDR_NY_TECH02
2026-04-01,GS,841.99,TDR_LN_FIN02
2026-04-01,JPM,301.87,TDR_NY_FIN01
2026-04-01,MS,165.61,TDR_NY_FIN01
2026-04-01,MSFT,369.74,TDR_NY_TECH01
2026-04-01,UBS,38.89,TDR_LN_FIN02
2026-04-02,AAPL,253.83,TDR_NY_TECH01
2026-04-02,BAC,49.46,TDR_NY_FIN01
2026-04-02,GOOGL,290.66,TDR_NY_TECH02
2026-04-02,GS,867.9,TDR_LN_FIN02
2026-04-02,JPM,291.95,TDR_NY_FIN01
2026-04-02,MS,165.08,TDR_NY_FIN01
2026-04-02,MSFT,370.09,TDR_NY_TECH01
2026-04-02,UBS,40.53,TDR_LN_FIN02
2026-04-06,AAPL,258.81,TDR_NY_TECH01
2026-04-06,BAC,49.27,TDR_NY_FIN01
2026-04-06,GOOGL,303.69,TDR_NY_TECH02
2026-04-06,GS,850.19,TDR_LN_FIN02
2026-04-06,JPM,296.38,TDR_NY_FIN01
2026-04-06,MS,161.65,TDR_NY_FIN01
2026-04-06,MSFT,365.45,TDR_NY_TECH01
2026-04-06,UBS,39.81,TDR_LN_FIN02
2026-04-07,AAPL,256.31,TDR_NY_TECH01
2026-04-07,BAC,50.41,TDR_NY_FIN01
2026-04-07,GOOGL,304.93,TDR_NY_TECH02
2026-04-07,GS,860.25,TDR_LN_FIN02
2026-04-07,JPM,290.8,TDR_NY_FIN01
2026-04-07,MS,166.61,TDR_NY_FIN01
2026-04-07,MSFT,369.72,TDR_NY_TECH01
2026-04-07,UBS,40.2,TDR_LN_FIN02
2026-04-08,AAPL,260.23,TDR_NY_TECH01
2026-04-08,BAC,50.51,TDR_NY_FIN01
2026-04-08,GOOGL,318.86,TDR_NY_TECH02
2026-04-08,GS,900.52,TDR_LN_FIN02
2026-04-08,JPM,304.84,TDR_NY_FIN01
2026-04-08,MS,177.64,TDR_NY_FIN01
2026-04-08,MSFT,380.12,TDR_NY_TECH01
2026-04-08,UBS,41.92,TDR_LN_FIN02
2026-04-09,AAPL,257.21,TDR_NY_TECH01
2026-04-09,BAC,52.47,TDR_NY_FIN01
2026-04-09,GOOGL,320.07,TDR_NY_TECH02
2026-04-09,GS,916.94,TDR_LN_FIN02
2026-04-09,JPM,308.1,TDR_NY_FIN01
2026-04-09,MS,177.66,TDR_NY_FIN01
2026-04-09,MSFT,366.88,TDR_NY_TECH01
2026-04-09,UBS,40.65,TDR_LN_FIN02
2026-04-10,AAPL,263.65,TDR_NY_TECH01
2026-04-10,BAC,53.61,TDR_NY_FIN01
2026-04-10,GOOGL,316.9,TDR_NY_TECH02
2026-04-10,GS,921.47,TDR_LN_FIN02
2026-04-10,JPM,311.55,TDR_NY_FIN01
2026-04-10,MS,175.92,TDR_NY_FIN01
2026-04-10,MSFT,372.88,TDR_NY_TECH01
2026-04-10,UBS,42.45,TDR_LN_FIN02
2026-04-13,AAPL,259.06,TDR_NY_TECH01
2026-04-13,BAC,54.6,TDR_NY_FIN01
2026-04-13,GOOGL,308.68,TDR_NY_TECH02
2026-04-13,GS,901.77,TDR_LN_FIN02
2026-04-13,JPM,314.09,TDR_NY_FIN01
2026-04-13,MS,180.33,TDR_NY_FIN01
2026-04-13,MSFT,384.9,TDR_NY_TECH01
2026-04-13,UBS,41.36,TDR_LN_FIN02
2026-04-14,AAPL,257.98,TDR_NY_TECH01
2026-04-14,BAC,53.64,TDR_NY_FIN01
2026-04-14,GOOGL,352.02,TDR_NY_TECH02
2026-04-14,GS,902.56,TDR_LN_FIN02
2026-04-14,JPM,307.35,TDR_NY_FIN01
2026-04-14,MS,181.96,TDR_NY_FIN01
2026-04-14,MSFT,398.51,TDR_NY_TECH01
2026-04-14,UBS,43.09,TDR_LN_FIN02
2026-04-15,AAPL,264.31,TDR_NY_TECH01
2026-04-15,BAC,54.74,TDR_NY_FIN01
2026-04-15,GOOGL,337.61,TDR_NY_TECH02
2026-04-15,GS,912.56,TDR_LN_FIN02
2026-04-15,JPM,302.71,TDR_NY_FIN01
2026-04-15,MS,190.68,TDR_NY_FIN01
2026-04-15,MSFT,408.8,TDR_NY_TECH01
2026-04-15,UBS,42.16,TDR_LN_FIN02
2026-04-16,AAPL,264.57,TDR_NY_TECH01
2026-04-16,BAC,53.72,TDR_NY_FIN01
2026-04-16,GOOGL,336.05,TDR_NY_TECH02
2026-04-16,GS,896.83,TDR_LN_FIN02
2026-04-16,JPM,303.37,TDR_NY_FIN01
2026-04-16,MS,186.14,TDR_NY_FIN01
2026-04-16,MSFT,418.1,TDR_NY_TECH01
2026-04-16,UBS,42.21,TDR_LN_FIN02
2026-04-17,AAPL,269.58,TDR_NY_TECH01
2026-04-17,BAC,54.24,TDR_NY_FIN01
2026-04-17,GOOGL,351.35,TDR_NY_TECH02
2026-04-17,GS,928.37,TDR_LN_FIN02
2026-04-17,JPM,311.49,TDR_NY_FIN01
2026-04-17,MS,188.61,TDR_NY_FIN01
2026-04-17,MSFT,410.62,TDR_NY_TECH01
2026-04-17,UBS,43.72,TDR_LN_FIN02
2026-04-20,AAPL,273.3,TDR_NY_TECH01
2026-04-20,BAC,55.94,TDR_NY_FIN01
2026-04-20,GOOGL,336.45,TDR_NY_TECH02
2026-04-20,GS,946.0,TDR_LN_FIN02
2026-04-20,JPM,316.82,TDR_NY_FIN01
2026-04-20,MS,187.36,TDR_NY_FIN01
2026-04-20,MSFT,425.24,TDR_NY_TECH01
2026-04-20,UBS,44.31,TDR_LN_FIN02
2026-04-21,AAPL,269.33,TDR_NY_TECH01
2026-04-21,BAC,52.75,TDR_NY_FIN01
2026-04-21,GOOGL,339.28,TDR_NY_TECH02
2026-04-21,GS,907.07,TDR_LN_FIN02
2026-04-21,JPM,315.76,TDR_NY_FIN01
2026-04-21,MS,195.53,TDR_NY_FIN01
2026-04-21,MSFT,417.86,TDR_NY_TECH01
2026-04-21,UBS,42.86,TDR_LN_FIN02
2026-04-22,AAPL,273.58,TDR_NY_TECH01
2026-04-22,BAC,52.72,TDR_NY_FIN01
2026-04-22,GOOGL,331.43,TDR_NY_TECH02
2026-04-22,GS,935.8,TDR_LN_FIN02
2026-04-22,JPM,308.03,TDR_NY_FIN01
2026-04-22,MS,192.41,TDR_NY_FIN01
2026-04-22,MSFT,426.95,TDR_NY_TECH01
2026-04-22,UBS,43.39,TDR_LN_FIN02
2026-04-23,AAPL,270.22,TDR_NY_TECH01
2026-04-23,BAC,52.22,TDR_NY_FIN01
2026-04-23,GOOGL,343.03,TDR_NY_TECH02
2026-04-23,GS,914.11,TDR_LN_FIN02
2026-04-23,JPM,312.75,TDR_NY_FIN01
2026-04-23,MS,192.35,TDR_NY_FIN01
2026-04-23,MSFT,405.73,TDR_NY_TECH01
2026-04-23,UBS,44.26,TDR_LN_FIN02
2026-04-24,AAPL,272.12,TDR_NY_TECH01
2026-04-24,BAC,52.66,TDR_NY_FIN01
2026-04-24,GOOGL,338.01,TDR_NY_TECH02
2026-04-24,GS,908.55,TDR_LN_FIN02
2026-04-24,JPM,310.69,TDR_NY_FIN01
2026-04-24,MS,188.91,TDR_NY_FIN01
2026-04-24,MSFT,426.22,TDR_NY_TECH01
2026-04-24,UBS,41.63,TDR_LN_FIN02
2026-04-27,AAPL,264.88,TDR_NY_TECH01
2026-04-27,BAC,52.81,TDR_NY_FIN01
2026-04-27,GOOGL,351.88,TDR_NY_TECH02
2026-04-27,GS,927.76,TDR_LN_FIN02
2026-04-27,JPM,320.35,TDR_NY_FIN01
2026-04-27,MS,191.53,TDR_NY_FIN01
2026-04-27,MSFT,417.23,TDR_NY_TECH01
2026-04-27,UBS,42.59,TDR_LN_FIN02
2026-04-28,AAPL,266.75,TDR_NY_TECH01
2026-04-28,BAC,53.28,TDR_NY_FIN01
2026-04-28,GOOGL,355.86,TDR_NY_TECH02
2026-04-28,GS,915.14,TDR_LN_FIN02
2026-04-28,JPM,315.95,TDR_NY_FIN01
2026-04-28,MS,191.54,TDR_NY_FIN01
2026-04-28,MSFT,434.54,TDR_NY_TECH01
2026-04-28,UBS,43.3,TDR_LN_FIN02
2026-04-29,AAPL,269.18,TDR_NY_TECH01
2026-04-29,BAC,52.28,TDR_NY_FIN01
2026-04-29,GOOGL,345.27,TDR_NY_TECH02
2026-04-29,GS,894.52,TDR_LN_FIN02
2026-04-29,JPM,308.89,TDR_NY_FIN01
2026-04-29,MS,188.04,TDR_NY_FIN01
2026-04-29,MSFT,426.22,TDR_NY_TECH01
2026-04-29,UBS,43.25,TDR_LN_FIN02
2026-04-30,AAPL,271.4,TDR_NY_TECH01
2026-04-30,BAC,54.63,TDR_NY_FIN01
2026-04-30,GOOGL,383.27,TDR_NY_TECH02
2026-04-30,GS,961.46,TDR_LN_FIN02
2026-04-30,JPM,292.36,TDR_NY_FIN01
2026-04-30,MS,188.14,TDR_NY_FIN01
2026-04-30,MSFT,401.23,TDR_NY_TECH01
2026-04-30,UBS,47.14,TDR_LN_FIN02
2026-05-01,AAPL,279.2,TDR_NY_TECH01
2026-05-01,BAC,53.81,TDR_NY_FIN01
2026-05-01,GOOGL,388.43,TDR_NY_TECH02
2026-05-01,GS,922.7,TDR_LN_FIN02
2026-05-01,JPM,308.5,TDR_NY_FIN01
2026-05-01,MS,185.85,TDR_NY_FIN01
2026-05-01,MSFT,411.66,TDR_NY_TECH01
2026-05-01,UBS,47.01,TDR_LN_FIN02
2026-05-04,AAPL,277.72,TDR_NY_TECH01
2026-05-04,BAC,51.21,TDR_NY_FIN01
2026-05-04,GOOGL,384.25,TDR_NY_TECH02
2026-05-04,GS,908.49,TDR_LN_FIN02
2026-05-04,JPM,303.57,TDR_NY_FIN01
2026-05-04,MS,188.44,TDR_NY_FIN01
2026-05-04,MSFT,413.98,TDR_NY_TECH01
2026-05-04,UBS,42.62,TDR_LN_FIN02
2026-05-05,AAPL,285.71,TDR_NY_TECH01
2026-05-05,BAC,53.57,TDR_NY_FIN01
2026-05-05,GOOGL,394.74,TDR_NY_TECH02
2026-05-05,GS,933.41,TDR_LN_FIN02
2026-05-05,JPM,303.01,TDR_NY_FIN01
2026-05-05,MS,186.59,TDR_NY_FIN01
2026-05-05,MSFT,414.56,TDR_NY_TECH01
2026-05-05,UBS,44.44,TDR_LN_FIN02
2026-05-06,AAPL,289.73,TDR_NY_TECH01
2026-05-06,BAC,56.7,TDR_NY_FIN01
2026-05-06,GOOGL,401.45,TDR_NY_TECH02
2026-05-06,GS,953.32,TDR_LN_FIN02
2026-05-06,JPM,319.41,TDR_NY_FIN01
2026-05-06,MS,195.24,TDR_NY_FIN01
2026-05-06,MSFT,412.0,TDR_NY_TECH01
2026-05-06,UBS,45.72,TDR_LN_FIN02
2026-05-07,AAPL,284.11,TDR_NY_TECH01
2026-05-07,BAC,52.56,TDR_NY_FIN01
2026-05-07,GOOGL,395.09,TDR_NY_TECH02
2026-05-07,GS,927.01,TDR_LN_FIN02
2026-05-07,JPM,316.9,TDR_NY_FIN01
2026-05-07,MS,184.84,TDR_NY_FIN01
2026-05-07,MSFT,425.1,TDR_NY_TECH01
2026-05-07,UBS,43.34,TDR_LN_FIN02
2026-05-08,AAPL,291.24,TDR_NY_TECH01
2026-05-08,BAC,52.15,TDR_NY_FIN01
2026-05-08,GOOGL,401.19,TDR_NY_TECH02
2026-05-08,GS,921.34,TDR_LN_FIN02
2026-05-08,JPM,298.86,TDR_NY_FIN01
2026-05-08,MS,195.06,TDR_NY_FIN01
2026-05-08,MSFT,410.57,TDR_NY_TECH01
2026-05-08,UBS,45.38,TDR_LN_FIN02
2026-05-11,AAPL,292.88,TDR_NY_TECH01
2026-05-11,BAC,50.06,TDR_NY_FIN01
2026-05-11,GOOGL,401.14,TDR_NY_TECH02
2026-05-11,GS,953.84,TDR_LN_FIN02
2026-05-11,JPM,290.89,TDR_NY_FIN01
2026-05-11,MS,191.63,TDR_NY_FIN01
2026-05-11,MSFT,408.56,TDR_NY_TECH01
2026-05-11,UBS,45.41,TDR_LN_FIN02
2026-05-12,AAPL,291.3,TDR_NY_TECH01
2026-05-12,BAC,50.69,TDR_NY_FIN01
2026-05-12,GOOGL,390.28,TDR_NY_TECH02
2026-05-12,GS,958.18,TDR_LN_FIN02
2026-05-12,JPM,326.0,TDR_NY_FIN01
2026-05-12,MS,190.92,TDR_NY_FIN01
2026-05-12,MSFT,404.86,TDR_NY_TECH01
2026-05-12,UBS,44.71,TDR_LN_FIN02
2026-05-13,AAPL,306.78,TDR_NY_TECH01
2026-05-13,BAC,50.14,TDR_NY_FIN01
2026-05-13,GOOGL,395.01,TDR_NY_TECH02
2026-05-13,GS,968.57,TDR_LN_FIN02
2026-05-13,JPM,309.81,TDR_NY_FIN01
2026-05-13,MS,196.83,TDR_NY_FIN01
2026-05-13,MSFT,395.98,TDR_NY_TECH01
2026-05-13,UBS,45.94,TDR_LN_FIN02
2026-05-14,AAPL,303.88,TDR_NY_TECH01
2026-05-14,BAC,49.32,TDR_NY_FIN01
2026-05-14,GOOGL,403.74,TDR_NY_TECH02
2026-05-14,GS,980.22,TDR_LN_FIN02
2026-05-14,JPM,295.74,TDR_NY_FIN01
2026-05-14,MS,194.36,TDR_NY_FIN01
2026-05-14,MSFT,389.52,TDR_NY_TECH01
2026-05-14,UBS,45.64,TDR_LN_FIN02
2026-05-15,AAPL,299.09,TDR_NY_TECH01
2026-05-15,BAC,48.84,TDR_NY_FIN01
2026-05-15,GOOGL,406.5,TDR_NY_TECH02
2026-05-15,GS,928.12,TDR_LN_FIN02
2026-05-15,JPM,295.84,TDR_NY_FIN01
2026-05-15,MS,192.89,TDR_NY_FIN01
2026-05-15,MSFT,431.04,TDR_NY_TECH01
2026-05-15,UBS,44.56,TDR_LN_FIN02
2026-05-18,AAPL,303.04,TDR_NY_TECH01
2026-05-18,BAC,50.7,TDR_NY_FIN01
2026-05-18,GOOGL,391.1,TDR_NY_TECH02
2026-05-18,GS,952.92,TDR_LN_FIN02
2026-05-18,JPM,301.63,TDR_NY_FIN01
2026-05-18,MS,190.96,TDR_NY_FIN01
2026-05-18,MSFT,423.98,TDR_NY_TECH01
2026-05-18,UBS,46.02,TDR_LN_FIN02
2026-05-19,AAPL,299.48,TDR_NY_TECH01
2026-05-19,BAC,51.2,TDR_NY_FIN01
2026-05-19,GOOGL,396.88,TDR_NY_TECH02
2026-05-19,GS,911.5,TDR_LN_FIN02
2026-05-19,JPM,305.16,TDR_NY_FIN01
2026-05-19,MS,184.03,TDR_NY_FIN01
2026-05-19,MSFT,416.47,TDR_NY_TECH01
2026-05-19,UBS,45.96,TDR_LN_FIN02
2026-05-20,AAPL,321.63,TDR_NY_TECH01
2026-05-20,BAC,50.75,TDR_NY_FIN01
2026-05-20,GOOGL,387.7,TDR_NY_TECH02
2026-05-20,GS,974.86,TDR_LN_FIN02
2026-05-20,JPM,299.31,TDR_NY_FIN01
2026-05-20,MS,200.29,TDR_NY_FIN01
2026-05-20,MSFT,423.31,TDR_NY_TECH01
2026-05-20,UBS,46.78,TDR_LN_FIN02
2026-05-21,AAPL,309.11,TDR_NY_TECH01
2026-05-21,BAC,51.73,TDR_NY_FIN01
2026-05-21,GOOGL,392.39,TDR_NY_TECH02
2026-05-21,GS,997.5,TDR_LN_FIN02
2026-05-21,JPM,299.23,TDR_NY_FIN01
2026-05-21,MS,198.83,TDR_NY_FIN01
2026-05-21,MSFT,423.79,TDR_NY_TECH01
2026-05-21,UBS,48.01,TDR_LN_FIN02
2026-05-22,AAPL,308.72,TDR_NY_TECH01
2026-05-22,BAC,51.89,TDR_NY_FIN01
2026-05-22,GOOGL,390.31,TDR_NY_TECH02
2026-05-22,GS,987.89,TDR_LN_FIN02
2026-05-22,JPM,308.89,TDR_NY_FIN01
2026-05-22,MS,200.42,TDR_NY_FIN01
2026-05-22,MSFT,417.2,TDR_NY_TECH01
2026-05-22,UBS,47.73,TDR_LN_FIN02
2026-05-26,AAPL,312.15,TDR_NY_TECH01
2026-05-26,BAC,52.84,TDR_NY_FIN01
2026-05-26,GOOGL,396.5,TDR_NY_TECH02
2026-05-26,GS,994.83,TDR_LN_FIN02
2026-05-26,JPM,309.88,TDR_NY_FIN01
2026-05-26,MS,200.82,TDR_NY_FIN01
2026-05-26,MSFT,418.05,TDR_NY_TECH01
2026-05-26,UBS,47.69,TDR_LN_FIN02
2026-05-27,AAPL,311.3,TDR_NY_TECH01
2026-05-27,BAC,51.56,TDR_NY_FIN01
2026-05-27,GOOGL,384.06,TDR_NY_TECH02
2026-05-27,GS,1027.75,TDR_LN_FIN02
2026-05-27,JPM,294.76,TDR_NY_FIN01
2026-05-27,MS,197.94,TDR_NY_FIN01
2026-05-27,MSFT,419.84,TDR_NY_TECH01
2026-05-27,UBS,47.72,TDR_LN_FIN02
2026-05-28,AAPL,315.44,TDR_NY_TECH01
2026-05-28,BAC,51.25,TDR_NY_FIN01
2026-05-28,GOOGL,390.06,TDR_NY_TECH02
2026-05-28,GS,994.8,TDR_LN_FIN02
2026-05-28,JPM,297.07,TDR_NY_FIN01
2026-05-28,MS,201.72,TDR_NY_FIN01
2026-05-28,MSFT,433.24,TDR_NY_TECH01
2026-05-28,UBS,46.74,TDR_LN_FIN02
2026-05-29,AAPL,308.2,TDR_NY_TECH01
2026-05-29,BAC,51.35,TDR_NY_FIN01
2026-05-29,GOOGL,382.7,TDR_NY_TECH02
2026-05-29,GS,1016.89,TDR_LN_FIN02
2026-05-29,JPM,295.62,TDR_NY_FIN01
2026-05-29,MS,208.76,TDR_NY_FIN01
2026-05-29,MSFT,451.89,TDR_NY_TECH01
2026-05-29,UBS,46.72,TDR_LN_FIN02
2026-06-01,AAPL,304.15,TDR_NY_TECH01
2026-06-01,BAC,51.69,TDR_NY_FIN01
2026-06-01,GOOGL,368.19,TDR_NY_TECH02
2026-06-01,GS,1026.44,TDR_LN_FIN02
2026-06-01,JPM,293.38,TDR_NY_FIN01
2026-06-01,MS,210.33,TDR_NY_FIN01
2026-06-01,MSFT,462.67,TDR_NY_TECH01
2026-06-01,UBS,49.05,TDR_LN_FIN02
2026-06-02,AAPL,319.26,TDR_NY_TECH01
2026-06-02,BAC,52.35,TDR_NY_FIN01
2026-06-02,GOOGL,361.75,TDR_NY_TECH02
2026-06-02,GS,1048.57,TDR_LN_FIN02
2026-06-02,JPM,300.88,TDR_NY_FIN01
2026-06-02,MS,214.05,TDR_NY_FIN01
2026-06-02,MSFT,443.45,TDR_NY_TECH01
2026-06-02,UBS,47.56,TDR_LN_FIN02
2026-06-03,AAPL,312.68,TDR_NY_TECH01
2026-06-03,BAC,53.6,TDR_NY_FIN01
2026-06-03,GOOGL,358.4,TDR_NY_TECH02
2026-06-03,GS,1047.29,TDR_LN_FIN02
2026-06-03,JPM,303.96,TDR_NY_FIN01
2026-06-03,MS,208.88,TDR_NY_FIN01
2026-06-03,MSFT,428.78,TDR_NY_TECH01
2026-06-03,UBS,47.33,TDR_LN_FIN02
2026-06-04,AAPL,311.69,TDR_NY_TECH01
2026-06-04,BAC,53.54,TDR_NY_FIN01
2026-06-04,GOOGL,372.33,TDR_NY_TECH02
2026-06-04,GS,1100.77,TDR_LN_FIN02
2026-06-04,JPM,317.66,TDR_NY_FIN01
2026-06-04,MS,221.41,TDR_NY_FIN01
2026-06-04,MSFT,441.88,TDR_NY_TECH01
2026-06-04,UBS,47.12,TDR_LN_FIN02
2026-06-05,AAPL,311.36,TDR_NY_TECH01
2026-06-05,BAC,53.98,TDR_NY_FIN01
2026-06-05,GOOGL,380.64,TDR_NY_TECH02
2026-06-05,GS,1026.09,TDR_LN_FIN02
2026-06-05,JPM,308.44,TDR_NY_FIN01
2026-06-05,MS,210.02,TDR_NY_FIN01
2026-06-05,MSFT,403.4,TDR_NY_TECH01
2026-06-05,UBS,46.64,TDR_LN_FIN02
2026-06-08,AAPL,298.11,TDR_NY_TECH01
2026-06-08,BAC,53.75,TDR_NY_FIN01
2026-06-08,GOOGL,365.17,TDR_NY_TECH02
2026-06-08,GS,1074.41,TDR_LN_FIN02
2026-06-08,JPM,315.55,TDR_NY_FIN01
2026-06-08,MS,210.4,TDR_NY_FIN01
2026-06-08,MSFT,406.19,TDR_NY_TECH01
2026-06-08,UBS,47.64,TDR_LN_FIN02
2026-06-09,AAPL,284.8,TDR_NY_TECH01
2026-06-09,BAC,55.92,TDR_NY_FIN01
2026-06-09,GOOGL,370.7,TDR_NY_TECH02
2026-06-09,GS,1024.75,TDR_LN_FIN02
2026-06-09,JPM,304.66,TDR_NY_FIN01
2026-06-09,MS,214.52,TDR_NY_FIN01
2026-06-09,MSFT,402.72,TDR_NY_TECH01
2026-06-09,UBS,48.75,TDR_LN_FIN02
2026-06-10,AAPL,284.61,TDR_NY_TECH01
2026-06-10,BAC,54.05,TDR_NY_FIN01
2026-06-10,GOOGL,356.41,TDR_NY_TECH02
2026-06-10,GS,1002.0,TDR_LN_FIN02
2026-06-10,JPM,307.05,TDR_NY_FIN01
2026-06-10,MS,208.59,TDR_NY_FIN01
2026-06-10,MSFT,391.0,TDR_NY_TECH01
2026-06-10,UBS,46.67,TDR_LN_FIN02
2026-06-11,AAPL,296.16,TDR_NY_TECH01
2026-06-11,BAC,55.59,TDR_NY_FIN01
2026-06-11,GOOGL,361.59,TDR_NY_TECH02
2026-06-11,GS,1018.17,TDR_LN_FIN02
2026-06-11,JPM,306.28,TDR_NY_FIN01
2026-06-11,MS,216.74,TDR_NY_FIN01
2026-06-11,MSFT,392.29,TDR_NY_TECH01
2026-06-11,UBS,47.65,TDR_LN_FIN02
2026-06-12,AAPL,297.9,TDR_NY_TECH01
2026-06-12,BAC,56.12,TDR_NY_FIN01
2026-06-12,GOOGL,366.04,TDR_NY_TECH02
2026-06-12,GS,1063.83,TDR_LN_FIN02
2026-06-12,JPM,330.63,TDR_NY_FIN01
2026-06-12,MS,219.68,TDR_NY_FIN01
2026-06-12,MSFT,389.28,TDR_NY_TECH01
2026-06-12,UBS,49.68,TDR_LN_FIN02
2026-06-15,AAPL,299.29,TDR_NY_TECH01
2026-06-15,BAC,57.02,TDR_NY_FIN01
2026-06-15,GOOGL,364.0,TDR_NY_TECH02
2026-06-15,GS,1087.24,TDR_LN_FIN02
2026-06-15,JPM,324.47,TDR_NY_FIN01
2026-06-15,MS,212.23,TDR_NY_FIN01
2026-06-15,MSFT,392.66,TDR_NY_TECH01
2026-06-15,UBS,48.03,TDR_LN_FIN02
2026-06-16,AAPL,298.03,TDR_NY_TECH01
2026-06-16,BAC,57.45,TDR_NY_FIN01
2026-06-16,GOOGL,381.66,TDR_NY_TECH02
2026-06-16,GS,1091.88,TDR_LN_FIN02
2026-06-16,JPM,339.23,TDR_NY_FIN01
2026-06-16,MS,216.26,TDR_NY_FIN01
2026-06-16,MSFT,383.77,TDR_NY_TECH01
2026-06-16,UBS,50.42,TDR_LN_FIN02
2026-06-17,AAPL,297.65,TDR_NY_TECH01
2026-06-17,BAC,56.5,TDR_NY_FIN01
2026-06-17,GOOGL,352.51,TDR_NY_TECH02
2026-06-17,GS,1097.67,TDR_LN_FIN02
2026-06-17,JPM,326.94,TDR_NY_FIN01
2026-06-17,MS,227.22,TDR_NY_FIN01
2026-06-17,MSFT,380.99,TDR_NY_TECH01
2026-06-17,UBS,45.88,TDR_LN_FIN02
2026-06-18,AAPL,295.71,TDR_NY_TECH01
2026-06-18,BAC,55.31,TDR_NY_FIN01
2026-06-18,GOOGL,367.68,TDR_NY_TECH02
2026-06-18,GS,1112.27,TDR_LN_FIN02
2026-06-18,JPM,320.41,TDR_NY_FIN01
2026-06-18,MS,224.86,TDR_NY_FIN01
2026-06-18,MSFT,376.38,TDR_NY_TECH01
2026-06-18,UBS,50.2,TDR_LN_FIN02
2026-06-22,AAPL,296.53,TDR_NY_TECH01
2026-06-22,BAC,56.48,TDR_NY_FIN01
2026-06-22,GOOGL,346.78,TDR_NY_TECH02
2026-06-22,GS,1086.49,TDR_LN_FIN02
2026-06-22,JPM,341.25,TDR_NY_FIN01
2026-06-22,MS,227.21,TDR_NY_FIN01
2026-06-22,MSFT,363.48,TDR_NY_TECH01
2026-06-22,UBS,51.3,TDR_LN_FIN02
2026-06-23,AAPL,293.8,TDR_NY_TECH01
2026-06-23,BAC,57.72,TDR_NY_FIN01
2026-06-23,GOOGL,349.32,TDR_NY_TECH02
2026-06-23,GS,1106.88,TDR_LN_FIN02
2026-06-23,JPM,331.48,TDR_NY_FIN01
2026-06-23,MS,224.08,TDR_NY_FIN01
2026-06-23,MSFT,372.4,TDR_NY_TECH01
2026-06-23,UBS,48.55,TDR_LN_FIN02
2026-06-24,AAPL,286.42,TDR_NY_TECH01
2026-06-24,BAC,58.91,TDR_NY_FIN01
2026-06-24,GOOGL,353.81,TDR_NY_TECH02
2026-06-24,GS,1072.89,TDR_LN_FIN02
2026-06-24,JPM,336.33,TDR_NY_FIN01
2026-06-24,MS,220.89,TDR_NY_FIN01
2026-06-24,MSFT,382.34,TDR_NY_TECH01
2026-06-24,UBS,50.23,TDR_LN_FIN02
2026-06-25,AAPL,274.62,TDR_NY_TECH01
2026-06-25,BAC,57.36,TDR_NY_FIN01
2026-06-25,GOOGL,335.43,TDR_NY_TECH02
2026-06-25,GS,1068.34,TDR_LN_FIN02
2026-06-25,JPM,331.32,TDR_NY_FIN01
2026-06-25,MS,216.32,TDR_NY_FIN01
2026-06-25,MSFT,349.41,TDR_NY_TECH01
2026-06-25,UBS,49.13,TDR_LN_FIN02
2026-06-26,AAPL,290.96,TDR_NY_TECH01
2026-06-26,BAC,58.65,TDR_NY_FIN01
2026-06-26,GOOGL,337.35,TDR_NY_TECH02
2026-06-26,GS,1042.24,TDR_LN_FIN02
2026-06-26,JPM,329.43,TDR_NY_FIN01
2026-06-26,MS,209.29,TDR_NY_FIN01
2026-06-26,MSFT,343.71,TDR_NY_TECH01
2026-06-26,UBS,49.49,TDR_LN_FIN02
2026-06-29,AAPL,277.36,TDR_NY_TECH01
2026-06-29,BAC,57.71,TDR_NY_FIN01
2026-06-29,GOOGL,349.01,TDR_NY_TECH02
2026-06-29,GS,999.05,TDR_LN_FIN02
2026-06-29,JPM,333.97,TDR_NY_FIN01
2026-06-29,MS,217.78,TDR_NY_FIN01
2026-06-29,MSFT,360.84,TDR_NY_TECH01
2026-06-29,UBS,49.91,TDR_LN_FIN02
2026-06-30,AAPL,272.49,TDR_NY_TECH01
2026-06-30,BAC,56.56,TDR_NY_FIN01
2026-06-30,GOOGL,354.19,TDR_NY_TECH02
2026-06-30,GS,998.26,TDR_LN_FIN02
2026-06-30,JPM,327.57,TDR_NY_FIN01
2026-06-30,MS,206.43,TDR_NY_FIN01
2026-06-30,MSFT,374.53,TDR_NY_TECH01
2026-06-30,UBS,49.52,TDR_LN_FIN02
2026-07-01,AAPL,293.32,TDR_NY_TECH01
2026-07-01,BAC,57.57,TDR_NY_FIN01
2026-07-01,GOOGL,358.08,TDR_NY_TECH02
2026-07-01,GS,1031.16,TDR_LN_FIN02
2026-07-01,JPM,336.58,TDR_NY_FIN01
2026-07-01,MS,208.75,TDR_NY_FIN01
2026-07-01,MSFT,384.85,TDR_NY_TECH01
2026-07-01,UBS,50.28,TDR_LN_FIN02
2026-07-02,AAPL,300.9,TDR_NY_TECH01
2026-07-02,BAC,59.21,TDR_NY_FIN01
2026-07-02,GOOGL,356.33,TDR_NY_TECH02
2026-07-02,GS,1029.74,TDR_LN_FIN02
2026-07-02,JPM,330.64,TDR_NY_FIN01
2026-07-02,MS,208.14,TDR_NY_FIN01
2026-07-02,MSFT,380.96,TDR_NY_TECH01
2026-07-02,UBS,51.08,TDR_LN_FIN02
2026-07-06,AAPL,313.88,TDR_NY_TECH01
2026-07-06,BAC,59.09,TDR_NY_FIN01
2026-07-06,GOOGL,369.97,TDR_NY_TECH02
2026-07-06,GS,1028.99,TDR_LN_FIN02
2026-07-06,JPM,337.39,TDR_NY_FIN01
2026-07-06,MS,218.07,TDR_NY_FIN01
2026-07-06,MSFT,382.96,TDR_NY_TECH01
2026-07-06,UBS,52.19,TDR_LN_FIN02
2026-07-07,AAPL,306.65,TDR_NY_TECH01
2026-07-07,BAC,59.51,TDR_NY_FIN01
2026-07-07,GOOGL,372.57,TDR_NY_TECH02
2026-07-07,GS,1033.95,TDR_LN_FIN02
2026-07-07,JPM,343.47,TDR_NY_FIN01
2026-07-07,MS,218.28,TDR_NY_FIN01
2026-07-07,MSFT,367.0,TDR_NY_TECH01
2026-07-07,UBS,52.55,TDR_LN_FIN02
2026-07-08,AAPL,301.77,TDR_NY_TECH01
2026-07-08,BAC,57.6,TDR_NY_FIN01
2026-07-08,GOOGL,365.05,TDR_NY_TECH02
2026-07-08,GS,1026.5,TDR_LN_FIN02
2026-07-08,JPM,332.46,TDR_NY_FIN01
2026-07-08,MS,216.09,TDR_NY_FIN01
2026-07-08,MSFT,383.84,TDR_NY_TECH01
2026-07-08,UBS,51.01,TDR_LN_FIN02
2026-07-09,AAPL,321.76,TDR_NY_TECH01
2026-07-09,BAC,59.48,TDR_NY_FIN01
2026-07-09,GOOGL,360.71,TDR_NY_TECH02
2026-07-09,GS,1049.45,TDR_LN_FIN02
2026-07-09,JPM,333.02,TDR_NY_FIN01
2026-07-09,MS,220.69,TDR_NY_FIN01
2026-07-09,MSFT,386.63,TDR_NY_TECH01
2026-07-09,UBS,51.53,TDR_LN_FIN02
2026-07-10,AAPL,339.7,TDR_NY_TECH01
2026-07-10,BAC,61.53,TDR_NY_FIN01
2026-07-10,GOOGL,361.85,TDR_NY_TECH02
2026-07-10,GS,1050.02,TDR_LN_FIN02
2026-07-10,JPM,342.53,TDR_NY_FIN01
2026-07-10,MS,220.92,TDR_NY_FIN01
2026-07-10,MSFT,373.33,TDR_NY_TECH01
2026-07-10,UBS,51.29,TDR_LN_FIN02
2026-07-13,AAPL,308.41,TDR_NY_TECH01
2026-07-13,BAC,59.19,TDR_NY_FIN01
2026-07-13,GOOGL,352.61,TDR_NY_TECH02
2026-07-13,GS,1072.21,TDR_LN_FIN02
2026-07-13,JPM,336.17,TDR_NY_FIN01
2026-07-13,MS,220.36,TDR_NY_FIN01
2026-07-13,MSFT,395.85,TDR_NY_TECH01
2026-07-13,UBS,50.21,TDR_LN_FIN02
2026-07-14,AAPL,315.97,TDR_NY_TECH01
2026-07-14,BAC,61.32,TDR_NY_FIN01
2026-07-14,GOOGL,351.54,TDR_NY_TECH02
2026-07-14,GS,1159.56,TDR_LN_FIN02
2026-07-14,JPM,344.63,TDR_NY_FIN01
2026-07-14,MS,226.25,TDR_NY_FIN01
2026-07-14,MSFT,388.58,TDR_NY_TECH01
2026-07-14,UBS,55.65,TDR_LN_FIN02
2026-07-15,AAPL,328.39,TDR_NY_TECH01
2026-07-15,BAC,61.82,TDR_NY_FIN01
2026-07-15,GOOGL,368.36,TDR_NY_TECH02
2026-07-15,GS,1137.38,TDR_LN_FIN02
2026-07-15,JPM,351.23,TDR_NY_FIN01
2026-07-15,MS,225.62,TDR_NY_FIN01
2026-07-15,MSFT,396.05,TDR_NY_TECH01
2026-07-15,UBS,54.68,TDR_LN_FIN02
2026-07-16,AAPL,335.65,TDR_NY_TECH01
2026-07-16,BAC,61.8,TDR_NY_FIN01
2026-07-16,GOOGL,359.98,TDR_NY_TECH02
2026-07-16,GS,1087.08,TDR_LN_FIN02
2026-07-16,JPM,341.76,TDR_NY_FIN01
2026-07-16,MS,215.16,TDR_NY_FIN01
2026-07-16,MSFT,398.43,TDR_NY_TECH01
2026-07-16,UBS,53.8,TDR_LN_FIN02
2026-07-17,AAPL,337.53,TDR_NY_TECH01
2026-07-17,BAC,60.42,TDR_NY_FIN01
2026-07-17,GOOGL,351.29,TDR_NY_TECH02
2026-07-17,GS,1086.88,TDR_LN_FIN02
2026-07-17,JPM,343.22,TDR_NY_FIN01
2026-07-17,MS,221.57,TDR_NY_FIN01
2026-07-17,MSFT,389.25,TDR_NY_TECH01
2026-07-17,UBS,51.75,TDR_LN_FIN02
2026-07-20,AAPL,317.88,TDR_NY_TECH01
2026-07-20,BAC,61.78,TDR_NY_FIN01
2026-07-20,GOOGL,355.44,TDR_NY_TECH02
2026-07-20,GS,1054.15,TDR_LN_FIN02
2026-07-20,JPM,340.29,TDR_NY_FIN01
2026-07-20,MS,207.38,TDR_NY_FIN01
2026-07-20,MSFT,417.05,TDR_NY_TECH01
2026-07-20,UBS,51.6,TDR_LN_FIN02
2026-07-21,AAPL,328.28,TDR_NY_TECH01
2026-07-21,BAC,61.89,TDR_NY_FIN01
2026-07-21,GOOGL,349.65,TDR_NY_TECH02
2026-07-21,GS,1089.21,TDR_LN_FIN02
2026-07-21,JPM,341.14,TDR_NY_FIN01
2026-07-21,MS,217.93,TDR_NY_FIN01
2026-07-21,MSFT,408.98,TDR_NY_TECH01
2026-07-21,UBS,53.39,TDR_LN_FIN02
2026-07-22,AAPL,333.68,TDR_NY_TECH01
2026-07-22,BAC,61.15,TDR_NY_FIN01
2026-07-22,GOOGL,337.01,TDR_NY_TECH02
2026-07-22,GS,1096.13,TDR_LN_FIN02
2026-07-22,JPM,348.5,TDR_NY_FIN01
2026-07-22,MS,222.09,TDR_NY_FIN01
2026-07-22,MSFT,380.43,TDR_NY_TECH01
2026-07-22,UBS,53.86,TDR_LN_FIN02
2026-07-23,AAPL,320.9,TDR_NY_TECH01
2026-07-23,BAC,60.89,TDR_NY_FIN01
2026-07-23,GOOGL,312.87,TDR_NY_TECH02
2026-07-23,GS,1048.04,TDR_LN_FIN02
2026-07-23,JPM,354.22,TDR_NY_FIN01
2026-07-23,MS,215.42,TDR_NY_FIN01
2026-07-23,MSFT,374.2,TDR_NY_TECH01
2026-07-23,UBS,50.55,TDR_LN_FIN02
2026-07-24,AAPL,331.34,TDR_NY_TECH01
2026-07-24,BAC,66.18,TDR_NY_FIN01
2026-07-24,GOOGL,318.49,TDR_NY_TECH02
2026-07-24,GS,1037.3,TDR_LN_FIN02
2026-07-24,JPM,372.85,TDR_NY_FIN01
2026-07-24,MS,226.43,TDR_NY_FIN01
2026-07-24,MSFT,366.26,TDR_NY_TECH01
2026-07-24,UBS,51.7,TDR_LN_FIN02
2026-07-27,AAPL,335.74,TDR_NY_TECH01
2026-07-27,BAC,62.78,TDR_NY_FIN01
2026-07-27,GOOGL,335.62,TDR_NY_TECH02
2026-07-27,GS,1065.94,TDR_LN_FIN02
2026-07-27,JPM,354.76,TDR_NY_FIN01
2026-07-27,MS,211.0,TDR_NY_FIN01
2026-07-27,MSFT,404.12,TDR_NY_TECH01
2026-07-27,UBS,52.59,TDR_LN_FIN02
2026-07-28,AAPL,340.15,TDR_NY_TECH01
2026-07-28,BAC,62.6,TDR_NY_FIN01
2026-07-28,GOOGL,334.7,TDR_NY_TECH02
2026-07-28,GS,960.77,TDR_LN_FIN02
2026-07-28,JPM,354.24,TDR_NY_FIN01
2026-07-28,MS,209.84,TDR_NY_FIN01
2026-07-28,MSFT,393.16,TDR_NY_TECH01
2026-07-28,UBS,51.61,TDR_LN_FIN02
2026-07-29,AAPL,334.57,TDR_NY_TECH01
2026-07-29,BAC,61.17,TDR_NY_FIN01
2026-07-29,GOOGL,335.42,TDR_NY_TECH02
2026-07-29,GS,1002.88,TDR_LN_FIN02
2026-07-29,JPM,331.0,TDR_NY_FIN01
2026-07-29,MS,206.46,TDR_NY_FIN01
2026-07-29,MSFT,397.84,TDR_NY_TECH01
2026-07-29,UBS,50.19,TDR_LN_FIN02
2026-07-30,AAPL,331.72,TDR_NY_TECH01
2026-07-30,BAC,61.39,TDR_NY_FIN01
2026-07-30,GOOGL,326.62,TDR_NY_TECH02
2026-07-30,GS,1012.9,TDR_LN_FIN02
2026-07-30,JPM,345.01,TDR_NY_FIN01
2026-07-30,MS,215.58,TDR_NY_FIN01
2026-07-30,MSFT,457.43,TDR_NY_TECH01
2026-07-30,UBS,54.41,TDR_LN_FIN02
2026-07-31,AAPL,312.25,TDR_NY_TECH01
2026-07-31,BAC,60.9,TDR_NY_FIN01
2026-07-31,GOOGL,353.33,TDR_NY_TECH02
2026-07-31,GS,1025.86,TDR_LN_FIN02
2026-07-31,JPM,345.34,TDR_NY_FIN01
2026-07-31,MS,212.67,TDR_NY_FIN01
2026-07-31,MSFT,463.04,TDR_NY_TECH01
2026-07-31,UBS,52.44,TDR_LN_FIN02
2026-08-03,AAPL,306.66,TDR_NY_TECH01
2026-08-03,BAC,62.9,TDR_NY_FIN01
2026-08-03,GOOGL,371.49,TDR_NY_TECH02
2026-08-03,GS,1044.92,TDR_LN_FIN02
2026-08-03,JPM,346.92,TDR_NY_FIN01
2026-08-03,MS,213.18,TDR_NY_FIN01
2026-08-03,MSFT,491.99,TDR_NY_TECH01
2026-08-03,UBS,52.51,TDR_LN_FIN02
2026-08-04,AAPL,310.89,TDR_NY_TECH01
2026-08-04,BAC,61.72,TDR_NY_FIN01
2026-08-04,GOOGL,382.88,TDR_NY_TECH02
2026-08-04,GS,1050.06,TDR_LN_FIN02
2026-08-04,JPM,354.72,TDR_NY_FIN01
2026-08-04,MS,220.46,TDR_NY_FIN01
2026-08-04,MSFT,487.6,TDR_NY_TECH01
2026-08-04,UBS,52.33,TDR_LN_FIN02
2026-08-05,AAPL,303.74,TDR_NY_TECH01
2026-08-05,BAC,63.82,TDR_NY_FIN01
2026-08-05,GOOGL,355.47,TDR_NY_TECH02
2026-08-05,GS,1088.29,TDR_LN_FIN02
2026-08-05,JPM,348.02,TDR_NY_FIN01
2026-08-05,MS,223.82,TDR_NY_FIN01
2026-08-05,MSFT,489.0,TDR_NY_TECH01
2026-08-05,UBS,53.49,TDR_LN_FIN02
2026-08-06,AAPL,309.86,TDR_NY_TECH01
2026-08-06,BAC,63.38,TDR_NY_FIN01
2026-08-06,GOOGL,357.55,TDR_NY_TECH02
2026-08-06,GS,1049.67,TDR_LN_FIN02
2026-08-06,JPM,356.91,TDR_NY_FIN01
2026-08-06,MS,214.23,TDR_NY_FIN01
2026-08-06,MSFT,497.13,TDR_NY_TECH01
2026-08-06,UBS,52.79,TDR_LN_FIN02
2026-08-07,AAPL,314.78,TDR_NY_TECH01
2026-08-07,BAC,61.55,TDR_NY_FIN01
2026-08-07,GOOGL,347.14,TDR_NY_TECH02
2026-08-07,GS,1051.2,TDR_LN_FIN02
2026-08-07,JPM,358.44,TDR_NY_FIN01
2026-08-07,MS,215.73,TDR_NY_FIN01
2026-08-07,MSFT,500.13,TDR_NY_TECH01
2026-08-07,UBS,50.41,TDR_LN_FIN02
2026-08-10,AAPL,305.76,TDR_NY_TECH01
2026-08-10,BAC,63.11,TDR_NY_FIN01
2026-08-10,GOOGL,358.57,TDR_NY_TECH02
2026-08-10,GS,1019.33,TDR_LN_FIN02
2026-08-10,JPM,361.99,TDR_NY_FIN01
2026-08-10,MS,209.83,TDR_NY_FIN01
2026-08-10,MSFT,513.87,TDR_NY_TECH01
2026-08-10,UBS,54.34,TDR_LN_FIN02
2026-08-11,AAPL,306.08,TDR_NY_TECH01
2026-08-11,BAC,64.94,TDR_NY_FIN01
2026-08-11,GOOGL,352.39,TDR_NY_TECH02
2026-08-11,GS,1050.15,TDR_LN_FIN02
2026-08-11,JPM,352.04,TDR_NY_FIN01
2026-08-11,MS,210.94,TDR_NY_FIN01
2026-08-11,MSFT,499.09,TDR_NY_TECH01
2026-08-11,UBS,53.71,TDR_LN_FIN02
2026-08-12,AAPL,304.6,TDR_NY_TECH01
2026-08-12,BAC,64.1,TDR_NY_FIN01
2026-08-12,GOOGL,344.5,TDR_NY_TECH02
2026-08-12,GS,1025.46,TDR_LN_FIN02
2026-08-12,JPM,361.83,TDR_NY_FIN01
2026-08-12,MS,213.05,TDR_NY_FIN01
2026-08-12,MSFT,485.61,TDR_NY_TECH01
2026-08-12,UBS,52.84,TDR_LN_FIN02
2026-08-13,AAPL,300.79,TDR_NY_TECH01
2026-08-13,BAC,65.1,TDR_NY_FIN01
2026-08-13,GOOGL,341.43,TDR_NY_TECH02
2026-08-13,GS,1083.8,TDR_LN_FIN02
2026-08-13,JPM,365.8,TDR_NY_FIN01
2026-08-13,MS,218.99,TDR_NY_FIN01
2026-08-13,MSFT,490.48,TDR_NY_TECH01
2026-08-13,UBS,54.29,TDR_LN_FIN02
2026-08-14,AAPL,303.29,TDR_NY_TECH01
2026-08-14,BAC,64.61,TDR_NY_FIN01
2026-08-14,GOOGL,359.18,TDR_NY_TECH02
2026-08-14,GS,1037.92,TDR_LN_FIN02
2026-08-14,JPM,369.1,TDR_NY_FIN01
2026-08-14,MS,215.07,TDR_NY_FIN01
2026-08-14,MSFT,523.66,TDR_NY_TECH01
2026-08-14,UBS,55.05,TDR_LN_FIN02
2026-08-17,AAPL,302.72,TDR_NY_TECH01
2026-08-17,BAC,65.63,TDR_NY_FIN01
2026-08-17,GOOGL,347.65,TDR_NY_TECH02
2026-08-17,GS,1042.44,TDR_LN_FIN02
2026-08-17,JPM,364.38,TDR_NY_FIN01
2026-08-17,MS,221.39,TDR_NY_FIN01
2026-08-17,MSFT,484.83,TDR_NY_TECH01
2026-08-17,UBS,52.18,TDR_LN_FIN02
2026-08-18,AAPL,306.65,TDR_NY_TECH01
2026-08-18,BAC,63.99,TDR_NY_FIN01
2026-08-18,GOOGL,343.82,TDR_NY_TECH02
2026-08-18,GS,1050.16,TDR_LN_FIN02
2026-08-18,JPM,364.22,TDR_NY_FIN01
2026-08-18,MS,213.19,TDR_NY_FIN01
2026-08-18,MSFT,484.38,TDR_NY_TECH01
2026-08-18,UBS,53.46,TDR_LN_FIN02
2026-08-19,AAPL,319.49,TDR_NY_TECH01
2026-08-19,BAC,64.19,TDR_NY_FIN01
2026-08-19,GOOGL,349.03,TDR_NY_TECH02
2026-08-19,GS,1028.69,TDR_LN_FIN02
2026-08-19,JPM,356.88,TDR_NY_FIN01
2026-08-19,MS,208.89,TDR_NY_FIN01
2026-08-19,MSFT,487.43,TDR_NY_TECH01
2026-08-19,UBS,53.3,TDR_LN_FIN02
2026-08-20,AAPL,312.57,TDR_NY_TECH01
2026-08-20,BAC,60.68,TDR_NY_FIN01
2026-08-20,GOOGL,335.15,TDR_NY_TECH02
2026-08-20,GS,1017.78,TDR_LN_FIN02
2026-08-20,JPM,351.34,TDR_NY_FIN01
2026-08-20,MS,209.57,TDR_NY_FIN01
2026-08-20,MSFT,442.71,TDR_NY_TECH01
2026-08-20,UBS,53.22,TDR_LN_FIN02
2026-08-21,AAPL,313.7,TDR_NY_TECH01
2026-08-21,BAC,61.21,TDR_NY_FIN01
2026-08-21,GOOGL,345.32,TDR_NY_TECH02
2026-08-21,GS,1032.07,TDR_LN_FIN02
2026-08-21,JPM,349.29,TDR_NY_FIN01
2026-08-21,MS,213.21,TDR_NY_FIN01
2026-08-21,MSFT,484.85,TDR_NY_TECH01
2026-08-21,UBS,52.91,TDR_LN_FIN02
2026-08-24,AAPL,316.19,TDR_NY_TECH01
2026-08-24,BAC,61.49,TDR_NY_FIN01
2026-08-24,GOOGL,347.08,TDR_NY_TECH02
2026-08-24,GS,1029.44,TDR_LN_FIN02
2026-08-24,JPM,364.13,TDR_NY_FIN01
2026-08-24,MS,214.71,TDR_NY_FIN01
2026-08-24,MSFT,494.85,TDR_NY_TECH01
2026-08-24,UBS,52.51,TDR_LN_FIN02
2026-08-25,AAPL,311.14,TDR_NY_TECH01
2026-08-25,BAC,63.26,TDR_NY_FIN01
2026-08-25,GOOGL,347.39,TDR_NY_TECH02
2026-08-25,GS,1075.8,TDR_LN_FIN02
2026-08-25,JPM,353.92,TDR_NY_FIN01
2026-08-25,MS,221.35,TDR_NY_FIN01
2026-08-25,MSFT,508.67,TDR_NY_TECH01
2026-08-25,UBS,53.93,TDR_LN_FIN02
2026-08-26,AAPL,311.36,TDR_NY_TECH01
2026-08-26,BAC,63.59,TDR_NY_FIN01
2026-08-26,GOOGL,350.1,TDR_NY_TECH02
2026-08-26,GS,1032.3,TDR_LN_FIN02
2026-08-26,JPM,354.25,TDR_NY_FIN01
2026-08-26,MS,213.18,TDR_NY_FIN01
2026-08-26,MSFT,486.36,TDR_NY_TECH01
2026-08-26,UBS,53.77,TDR_LN_FIN02
2026-08-27,AAPL,309.84,TDR_NY_TECH01
2026-08-27,BAC,60.47,TDR_NY_FIN01
2026-08-27,GOOGL,340.47,TDR_NY_TECH02
2026-08-27,GS,1044.53,TDR_LN_FIN02
2026-08-27,JPM,362.46,TDR_NY_FIN01
2026-08-27,MS,211.64,TDR_NY_FIN01
2026-08-27,MSFT,512.52,TDR_NY_TECH01
2026-08-27,UBS,54.19,TDR_LN_FIN02
2026-08-28,AAPL,319.46,TDR_NY_TECH01
2026-08-28,BAC,62.95,TDR_NY_FIN01
2026-08-28,GOOGL,340.75,TDR_NY_TECH02
2026-08-28,GS,1039.92,TDR_LN_FIN02
2026-08-28,JPM,358.51,TDR_NY_FIN01
2026-08-28,MS,216.36,TDR_NY_FIN01
2026-08-28,MSFT,515.76,TDR_NY_TECH01
2026-08-28,UBS,56.92,TDR_LN_FIN02
2026-08-31,AAPL,313.82,TDR_NY_TECH01
2026-08-31,BAC,61.45,TDR_NY_FIN01
2026-08-31,GOOGL,336.18,TDR_NY_TECH02
2026-08-31,GS,1017.35,TDR_LN_FIN02
2026-08-31,JPM,352.62,TDR_NY_FIN01
2026-08-31,MS,217.12,TDR_NY_FIN01
2026-08-31,MSFT,518.1,TDR_NY_TECH01
2026-08-31,UBS,55.24,TDR_LN_FIN02
2026-09-01,AAPL,321.07,TDR_NY_TECH01
2026-09-01,BAC,62.43,TDR_NY_FIN01
2026-09-01,GOOGL,332.24,TDR_NY_TECH02
2026-09-01,GS,1012.08,TDR_LN_FIN02
2026-09-01,JPM,356.03,TDR_NY_FIN01
2026-09-01,MS,206.24,TDR_NY_FIN01
2026-09-01,MSFT,512.65,TDR_NY_TECH01
2026-09-01,UBS,55.6,TDR_LN_FIN02
2026-09-02,AAPL,321.97,TDR_NY_TECH01
2026-09-02,BAC,62.24,TDR_NY_FIN01
2026-09-02,GOOGL,338.57,TDR_NY_TECH02
2026-09-02,GS,1009.46,TDR_LN_FIN02
2026-09-02,JPM,359.74,TDR_NY_FIN01
2026-09-02,MS,218.21,TDR_NY_FIN01
2026-09-02,MSFT,495.5,TDR_NY_TECH01
2026-09-02,UBS,54.24,TDR_LN_FIN02
2026-09-03,AAPL,321.42,TDR_NY_TECH01
2026-09-03,BAC,62.35,TDR_NY_FIN01
2026-09-03,GOOGL,342.31,TDR_NY_TECH02
2026-09-03,GS,1065.87,TDR_LN_FIN02
2026-09-03,JPM,359.25,TDR_NY_FIN01
2026-09-03,MS,217.88,TDR_NY_FIN01
2026-09-03,MSFT,509.99,TDR_NY_TECH01
2026-09-03,UBS,56.67,TDR_LN_FIN02
2026-09-04,AAPL,332.1,TDR_NY_TECH01
2026-09-04,BAC,62.18,TDR_NY_FIN01
2026-09-04,GOOGL,335.98,TDR_NY_TECH02
2026-09-04,GS,1054.88,TDR_LN_FIN02
2026-09-04,JPM,362.31,TDR_NY_FIN01
2026-09-04,MS,223.75,TDR_NY_FIN01
2026-09-04,MSFT,504.08,TDR_NY_TECH01
2026-09-04,UBS,55.08,TDR_LN_FIN02
2026-09-08,AAPL,319.02,TDR_NY_TECH01
2026-09-08,BAC,63.43,TDR_NY_FIN01
2026-09-08,GOOGL,342.52,TDR_NY_TECH02
2026-09-08,GS,1044.42,TDR_LN_FIN02
2026-09-08,JPM,359.17,TDR_NY_FIN01
2026-09-08,MS,220.03,TDR_NY_FIN01
2026-09-08,MSFT,504.19,TDR_NY_TECH01
2026-09-08,UBS,55.61,TDR_LN_FIN02
2026-09-09,AAPL,314.55,TDR_NY_TECH01
2026-09-09,BAC,62.81,TDR_NY_FIN01
2026-09-09,GOOGL,336.63,TDR_NY_TECH02
2026-09-09,GS,1016.17,TDR_LN_FIN02
2026-09-09,JPM,356.67,TDR_NY_FIN01
2026-09-09,MS,214.08,TDR_NY_FIN01
2026-09-09,MSFT,491.86,TDR_NY_TECH01
2026-09-09,UBS,55.89,TDR_LN_FIN02
2026-09-10,AAPL,327.51,TDR_NY_TECH01
2026-09-10,BAC,62.6,TDR_NY_FIN01
2026-09-10,GOOGL,325.82,TDR_NY_TECH02
2026-09-10,GS,1031.19,TDR_LN_FIN02
2026-09-10,JPM,356.98,TDR_NY_FIN01
2026-09-10,MS,219.56,TDR_NY_FIN01
2026-09-10,MSFT,490.17,TDR_NY_TECH01
2026-09-10,UBS,54.19,TDR_LN_FIN02
2026-09-11,AAPL,333.51,TDR_NY_TECH01
2026-09-11,BAC,64.17,TDR_NY_FIN01
2026-09-11,GOOGL,338.02,TDR_NY_TECH02
2026-09-11,GS,1033.49,TDR_LN_FIN02
2026-09-11,JPM,359.48,TDR_NY_FIN01
2026-09-11,MS,214.98,TDR_NY_FIN01
2026-09-11,MSFT,492.31,TDR_NY_TECH01
2026-09-11,UBS,54.74,TDR_LN_FIN02
2026-09-14,AAPL,338.44,TDR_NY_TECH01
2026-09-14,BAC,58.55,TDR_NY_FIN01
2026-09-14,GOOGL,350.09,TDR_NY_TECH02
2026-09-14,GS,978.07,TDR_LN_FIN02
2026-09-14,JPM,356.41,TDR_NY_FIN01
2026-09-14,MS,201.86,TDR_NY_FIN01
2026-09-14,MSFT,501.17,TDR_NY_TECH01
2026-09-14,UBS,53.29,TDR_LN_FIN02
2026-09-15,AAPL,339.12,TDR_NY_TECH01
2026-09-15,BAC,59.46,TDR_NY_FIN01
2026-09-15,GOOGL,342.11,TDR_NY_TECH02
2026-09-15,GS,1004.23,TDR_LN_FIN02
2026-09-15,JPM,344.83,TDR_NY_FIN01
2026-09-15,MS,199.48,TDR_NY_FIN01
2026-09-15,MSFT,500.4,TDR_NY_TECH01
2026-09-15,UBS,51.1,TDR_LN_FIN02
2026-09-16,AAPL,358.99,TDR_NY_TECH01
2026-09-16,BAC,58.52,TDR_NY_FIN01
2026-09-16,GOOGL,344.12,TDR_NY_TECH02
2026-09-16,GS,930.04,TDR_LN_FIN02
2026-09-16,JPM,342.22,TDR_NY_FIN01
2026-09-16,MS,205.07,TDR_NY_FIN01
2026-09-16,MSFT,495.08,TDR_NY_TECH01
2026-09-16,UBS,50.34,TDR_LN_FIN02
2026-09-17,AAPL,346.33,TDR_NY_TECH01
2026-09-17,BAC,57.25,TDR_NY_FIN01
2026-09-17,GOOGL,339.38,TDR_NY_TECH02
2026-09-17,GS,941.6,TDR_LN_FIN02
2026-09-17,JPM,349.07,TDR_NY_FIN01
2026-09-17,MS,204.26,TDR_NY_FIN01
2026-09-17,MSFT,495.95,TDR_NY_TECH01
2026-09-17,UBS,50.89,TDR_LN_FIN02
2026-09-18,AAPL,329.82,TDR_NY_TECH01
2026-09-18,BAC,58.98,TDR_NY_FIN01
2026-09-18,GOOGL,349.11,TDR_NY_TECH02
2026-09-18,GS,957.79,TDR_LN_FIN02
2026-09-18,JPM,351.47,TDR_NY_FIN01
2026-09-18,MS,203.97,TDR_NY_FIN01
2026-09-18,MSFT,498.0,TDR_NY_TECH01
2026-09-18,UBS,51.03,TDR_LN_FIN02
2026-09-21,AAPL,342.25,TDR_NY_TECH01
2026-09-21,BAC,59.12,TDR_NY_FIN01
2026-09-21,GOOGL,356.02,TDR_NY_TECH02
2026-09-21,GS,969.59,TDR_LN_FIN02
2026-09-21,JPM,351.57,TDR_NY_FIN01
2026-09-21,MS,210.57,TDR_NY_FIN01
2026-09-21,MSFT,496.52,TDR_NY_TECH01
2026-09-21,UBS,52.44,TDR_LN_FIN02
2026-09-22,AAPL,339.55,TDR_NY_TECH01
2026-09-22,BAC,54.99,TDR_NY_FIN01
2026-09-22,GOOGL,351.83,TDR_NY_TECH02
2026-09-22,GS,939.79,TDR_LN_FIN02
2026-09-22,JPM,344.29,TDR_NY_FIN01
2026-09-22,MS,198.22,TDR_NY_FIN01
2026-09-22,MSFT,533.08,TDR_NY_TECH01
2026-09-22,UBS,47.8,TDR_LN_FIN02
2026-09-23,AAPL,334.73,TDR_NY_TECH01
2026-09-23,BAC,53.96,TDR_NY_FIN01
2026-09-23,GOOGL,329.8,TDR_NY_TECH02
2026-09-23,GS,947.04,TDR_LN_FIN02
2026-09-23,JPM,341.51,TDR_NY_FIN01
2026-09-23,MS,199.66,TDR_NY_FIN01
2026-09-23,MSFT,493.33,TDR_NY_TECH01
2026-09-23,UBS,47.71,TDR_LN_FIN02
2026-09-24,AAPL,335.9,TDR_NY_TECH01
2026-09-24,BAC,55.06,TDR_NY_FIN01
2026-09-24,GOOGL,350.08,TDR_NY_TECH02
2026-09-24,GS,935.44,TDR_LN_FIN02
2026-09-24,JPM,337.44,TDR_NY_FIN01
2026-09-24,MS,196.4,TDR_NY_FIN01
2026-09-24,MSFT,499.49,TDR_NY_TECH01
2026-09-24,UBS,46.98,TDR_LN_FIN02
2026-09-25,AAPL,339.81,TDR_NY_TECH01
2026-09-25,BAC,56.12,TDR_NY_FIN01
2026-09-25,GOOGL,338.75,TDR_NY_TECH02
2026-09-25,GS,931.51,TDR_LN_FIN02
2026-09-25,JPM,352.31,TDR_NY_FIN01
2026-09-25,MS,198.2,TDR_NY_FIN01
2026-09-25,MSFT,511.75,TDR_NY_TECH01
2026-09-25,UBS,50.1,TDR_LN_FIN02
2026-09-28,AAPL,345.5,TDR_NY_TECH01
2026-09-28,BAC,56.24,TDR_NY_FIN01
2026-09-28,GOOGL,343.06,TDR_NY_TECH02
2026-09-28,GS,907.39,TDR_LN_FIN02
2026-09-28,JPM,340.12,TDR_NY_FIN01
2026-09-28,MS,194.78,TDR_NY_FIN01
2026-09-28,MSFT,516.06,TDR_NY_TECH01
2026-09-28,UBS,49.08,TDR_LN_FIN02
